material,voxel_size_m,nodes,bonds,dt_label,dt_s,steps,repeats,accepted_steps,outer_min,outer_max,linear_min,linear_max,max_velocity_residual_m_s,wall_min_ms,wall_med_ms,wall_p95_ms,wall_max_ms,realtime_ratio_med,status
glass,0.25,19,117,1/30,0.03333333333333333,12,3,36/36,10,10,180,186,3.70791e-10,0.2169,0.2249,0.4957,0.5901,0.006747,ok
glass,0.25,19,117,1/60,0.016666666666666666,12,3,36/36,5,5,60,65,1.44531e-10,0.0733,0.0791,0.1625,0.2381,0.004749,ok
glass,0.25,19,117,1/120,0.008333333333333333,12,3,36/36,4,4,32,57,8.0413e-10,0.0455,0.0519,0.0870,0.0927,0.006222,ok
glass,0.25,19,117,1/240,0.004166666666666667,12,3,36/36,4,4,31,32,1.49487e-11,0.0445,0.0498,0.1502,0.2523,0.01194,ok
glass,0.25,19,117,2ms,0.002,12,3,36/36,3,3,35,37,1.29503e-12,0.0462,0.0482,0.0852,0.0887,0.0241,ok
glass,0.25,19,117,1/480,0.0020833333333333333,12,3,36/36,3,3,35,37,1.28603e-12,0.0467,0.0480,0.0805,0.0825,0.02306,ok
glass,0.25,19,117,1/960,0.0010416666666666667,12,3,36/36,3,3,18,18,2.29218e-10,0.0287,0.0319,0.0640,0.0664,0.03058,ok
glass,0.2,27,185,1/30,0.03333333333333333,12,3,36/36,10,12,226,281,9.9223e-10,0.3964,0.4852,0.6332,0.8940,0.01456,ok
glass,0.2,27,185,1/60,0.016666666666666666,12,3,36/36,5,5,82,116,9.05211e-10,0.1632,0.2358,0.4004,0.4340,0.01415,ok
glass,0.2,27,185,1/120,0.008333333333333333,12,3,36/36,4,4,70,70,6.52731e-11,0.1384,0.1451,0.2156,0.3737,0.01741,ok
glass,0.2,27,185,1/240,0.004166666666666667,12,3,36/36,4,4,40,40,4.06141e-11,0.0739,0.0752,0.1247,0.1277,0.01806,ok
glass,0.2,27,185,2ms,0.002,12,3,36/36,3,3,44,46,4.08497e-12,0.0783,0.0812,0.1274,0.2226,0.0406,ok
glass,0.2,27,185,1/480,0.0020833333333333333,12,3,36/36,3,3,44,47,4.5398e-12,0.0781,0.0814,0.1308,0.1310,0.03905,ok
glass,0.2,27,185,1/960,0.0010416666666666667,12,3,36/36,3,3,22,24,9.50758e-10,0.0473,0.0537,0.0993,0.1202,0.0515,ok
glass,0.12,81,773,1/30,0.03333333333333333,12,3,36/36,80,80,3802,3926,9.94118e-10,29.8862,32.5971,35.2804,35.9704,0.9779,ok
glass,0.12,81,773,1/60,0.016666666666666666,12,3,36/36,5,5,112,144,5.76278e-10,0.8235,0.9988,1.1069,1.1181,0.05992,ok
glass,0.12,81,773,1/120,0.008333333333333333,12,3,36/36,4,4,106,121,5.80051e-11,0.7739,0.8004,0.8851,0.8991,0.09605,ok
glass,0.12,81,773,1/240,0.004166666666666667,12,3,36/36,4,4,61,63,2.86711e-11,0.4985,0.5294,0.8923,1.2627,0.1271,ok
glass,0.12,81,773,2ms,0.002,12,3,36/36,3,3,62,67,3.65868e-12,0.4853,0.5073,0.5680,0.5927,0.2537,ok
glass,0.12,81,773,1/480,0.0020833333333333333,12,3,36/36,3,3,62,62,4.18934e-12,0.4856,0.5073,0.8475,1.5876,0.2435,ok
glass,0.12,81,773,1/960,0.0010416666666666667,12,3,36/36,3,3,35,35,6.47048e-10,0.3196,0.3374,0.4812,0.7417,0.3239,ok
glass,0.1,117,1181,1/30,0.03333333333333333,12,3,0/1,26,26,2489,2489,2.50998e-09,22.2816,22.2816,22.2816,22.2816,0.6684,rejected
glass,0.1,117,1181,1/60,0.016666666666666666,12,3,36/36,5,7,248,295,9.55324e-10,2.1845,2.3289,3.4310,3.5330,0.1397,ok
glass,0.1,117,1181,1/120,0.008333333333333333,12,3,36/36,4,4,131,134,2.6975e-10,1.3661,1.4137,1.8572,1.9424,0.1696,ok
glass,0.1,117,1181,1/240,0.004166666666666667,12,3,36/36,4,4,71,71,7.8314e-11,0.8242,0.8525,1.3892,1.4904,0.2046,ok
glass,0.1,117,1181,2ms,0.002,12,3,36/36,3,3,68,79,1.6006e-11,0.7613,0.8774,0.9551,0.9644,0.4387,ok
glass,0.1,117,1181,1/480,0.0020833333333333333,12,3,36/36,3,3,68,80,1.64387e-11,0.7511,0.8101,0.9714,1.4536,0.3888,ok
glass,0.1,117,1181,1/960,0.0010416666666666667,12,3,36/36,3,3,76,87,4.1179e-12,0.8515,0.9022,1.2370,1.5388,0.8661,ok
glass,0.08,179,1957,1/30,0.03333333333333333,12,3,36/36,52,52,6376,6459,9.99009e-10,98.8018,104.5968,113.4712,116.4656,3.138,ok
glass,0.08,179,1957,1/60,0.016666666666666666,12,3,36/36,5,5,180,181,4.84758e-10,2.7387,2.8278,3.7878,4.2161,0.1697,ok
glass,0.08,179,1957,1/120,0.008333333333333333,12,3,36/36,4,4,139,145,7.41906e-11,2.2587,2.3452,3.3567,3.4197,0.2814,ok
glass,0.08,179,1957,1/240,0.004166666666666667,12,3,36/36,4,4,79,81,7.06786e-11,1.3909,1.4284,2.1996,2.7482,0.3428,ok
glass,0.08,179,1957,2ms,0.002,12,3,36/36,3,3,80,81,5.27525e-12,1.3789,1.4376,2.2265,2.7506,0.7188,ok
glass,0.08,179,1957,1/480,0.0020833333333333333,12,3,36/36,3,3,78,81,4.89978e-12,1.3751,1.4112,1.7296,2.0038,0.6774,ok
glass,0.08,179,1957,1/960,0.0010416666666666667,12,3,36/36,3,3,45,45,7.24019e-10,0.8370,0.8658,1.4433,1.4859,0.8312,ok
glass,0.06,461,5665,1/30,0.03333333333333333,12,3,0/1,55,55,13967,13967,9.23813e-09,564.4023,564.4023,564.4023,564.4023,16.93,rejected
glass,0.06,461,5665,1/60,0.016666666666666666,12,3,0/1,11,11,750,750,1.8751e-09,31.6009,31.6009,31.6009,31.6009,1.896,rejected
glass,0.06,461,5665,1/120,0.008333333333333333,12,3,36/36,4,5,257,295,5.9895e-10,10.4672,11.6015,13.4617,13.7429,1.392,ok
glass,0.06,461,5665,1/240,0.004166666666666667,12,3,36/36,4,4,119,142,4.00854e-10,5.4976,6.0651,6.7417,7.0857,1.456,ok
glass,0.06,461,5665,2ms,0.002,12,3,36/36,3,3,110,139,3.9714e-11,5.0675,5.9075,7.6097,8.2303,2.954,ok
glass,0.06,461,5665,1/480,0.0020833333333333333,12,3,36/36,3,3,112,136,4.67062e-11,4.9194,5.7501,7.8040,9.2505,2.76,ok
glass,0.06,461,5665,1/960,0.0010416666666666667,12,3,36/36,3,3,109,129,1.18822e-11,4.9251,5.4265,7.6187,9.6104,5.209,ok
glass,0.05,739,9477,1/30,0.03333333333333333,12,3,0/1,47,47,17762,17762,1.1298e-08,1242.2239,1242.2239,1242.2239,1242.2239,37.27,rejected
glass,0.05,739,9477,1/60,0.016666666666666666,12,3,0/1,6,6,1126,1126,3.24876e-09,83.6863,83.6863,83.6863,83.6863,5.021,rejected
glass,0.05,739,9477,1/120,0.008333333333333333,12,3,36/36,4,5,430,595,9.95566e-10,30.3186,36.8836,44.5001,45.8788,4.426,ok
glass,0.05,739,9477,1/240,0.004166666666666667,12,3,36/36,4,4,196,199,4.60792e-10,14.5651,15.4983,18.2343,18.4169,3.72,ok
glass,0.05,739,9477,2ms,0.002,12,3,36/36,4,4,155,211,5.67424e-11,12.0940,14.7203,17.5222,17.8631,7.36,ok
glass,0.05,739,9477,1/480,0.0020833333333333333,12,3,36/36,4,4,158,215,6.85858e-11,11.6721,15.3421,17.9283,18.0998,7.364,ok
glass,0.05,739,9477,1/960,0.0010416666666666667,12,3,36/36,3,3,125,149,1.5344e-11,9.6947,11.1762,13.3569,14.0880,10.73,ok
glass,0.04,1285,17097,1/30,0.03333333333333333,12,3,0/1,77,77,30101,30101,1.90224e-08,3656.8417,3656.8417,3656.8417,3656.8417,109.7,rejected
glass,0.04,1285,17097,1/60,0.016666666666666666,12,3,0/1,7,7,1819,1819,4.80492e-09,235.2889,235.2889,235.2889,235.2889,14.12,rejected
glass,0.04,1285,17097,1/120,0.008333333333333333,12,3,1/2,4,7,442,779,1.15852e-09,60.3454,87.8434,115.3413,115.3413,10.54,rejected
glass,0.04,1285,17097,1/240,0.004166666666666667,12,3,36/36,4,4,296,363,5.97072e-10,37.8355,46.9699,54.2012,54.9720,11.27,ok
glass,0.04,1285,17097,2ms,0.002,12,3,36/36,3,4,430,475,8.8538e-11,53.3847,58.2596,64.2126,65.4976,29.13,ok
glass,0.04,1285,17097,1/480,0.0020833333333333333,12,3,36/36,3,4,424,432,1.00466e-10,54.4404,57.6324,62.3942,62.7779,27.66,ok
glass,0.04,1285,17097,1/960,0.0010416666666666667,12,3,36/36,3,3,242,248,2.60585e-11,31.6185,34.1614,39.6980,40.4701,32.79,ok
glass,0.035,1863,25385,1/30,0.03333333333333333,12,3,0/1,256,256,101703,101703,4.66296e-09,17346.2619,17346.2619,17346.2619,17346.2619,520.4,rejected
glass,0.035,1863,25385,1/60,0.016666666666666666,12,3,0/1,104,104,41265,41265,7.44756e-09,7344.8224,7344.8224,7344.8224,7344.8224,440.7,rejected
glass,0.035,1863,25385,1/120,0.008333333333333333,12,3,0/1,7,7,1409,1409,1.32846e-09,291.8913,291.8913,291.8913,291.8913,35.03,rejected
glass,0.035,1863,25385,1/240,0.004166666666666667,12,3,36/36,4,4,288,289,7.67966e-10,55.5746,59.9019,65.3592,65.7307,14.38,ok
glass,0.035,1863,25385,2ms,0.002,12,3,36/36,3,4,432,584,1.20306e-10,80.6557,98.6779,118.2219,124.6325,49.34,ok
glass,0.035,1863,25385,1/480,0.0020833333333333333,12,3,36/36,3,4,357,446,1.56509e-10,67.6636,77.0651,92.9976,93.5368,36.99,ok
glass,0.035,1863,25385,1/960,0.0010416666666666667,12,3,36/36,3,3,417,520,3.35559e-11,79.3664,88.3464,104.5312,107.4036,84.81,ok
glass,0.03,2945,41125,1/30,0.03333333333333333,12,3,0/1,12,12,4120,4120,0.0198601,1331.8241,1331.8241,1331.8241,1331.8241,39.95,rejected
glass,0.03,2945,41125,1/60,0.016666666666666666,12,3,0/1,256,256,102074,102074,2.19035e-07,29254.7322,29254.7322,29254.7322,29254.7322,1755,rejected
glass,0.03,2945,41125,1/120,0.008333333333333333,12,3,0/1,57,57,22445,22445,2.53052e-09,6901.8830,6901.8830,6901.8830,6901.8830,828.2,rejected
glass,0.03,2945,41125,1/240,0.004166666666666667,12,3,36/36,4,4,355,364,8.77478e-10,116.8823,122.7124,131.2095,131.4177,29.45,ok
glass,0.03,2945,41125,2ms,0.002,12,3,36/36,4,4,520,614,7.44168e-10,169.1040,188.0838,211.2138,213.9275,94.04,ok
glass,0.03,2945,41125,1/480,0.0020833333333333333,12,3,36/36,4,4,461,616,2.67141e-10,148.2885,197.6180,208.8544,213.8435,94.86,ok
glass,0.03,2945,41125,1/960,0.0010416666666666667,12,3,36/36,3,3,679,684,6.38838e-11,213.5533,224.4873,232.5965,233.3220,215.5,ok
oak,0.25,19,117,1/30,0.03333333333333333,12,3,36/36,7,7,109,113,2.18762e-10,0.1280,0.1327,0.2545,0.3008,0.003982,ok
oak,0.25,19,117,1/60,0.016666666666666666,12,3,36/36,5,5,63,65,6.9311e-11,0.0778,0.0804,0.1243,0.2480,0.004824,ok
oak,0.25,19,117,1/120,0.008333333333333333,12,3,36/36,4,4,32,32,5.266e-10,0.0441,0.0456,0.0808,0.0815,0.005478,ok
oak,0.25,19,117,1/240,0.004166666666666667,12,3,36/36,4,4,31,32,1.0421e-11,0.0444,0.0456,0.1302,0.1528,0.01094,ok
oak,0.25,19,117,2ms,0.002,12,3,36/36,3,3,35,36,5.63303e-13,0.0460,0.0474,0.0871,0.1188,0.0237,ok
oak,0.25,19,117,1/480,0.0020833333333333333,12,3,36/36,3,3,35,36,7.54826e-13,0.0464,0.0489,0.0826,0.0897,0.02345,ok
oak,0.25,19,117,1/960,0.0010416666666666667,12,3,36/36,3,3,17,18,1.48692e-10,0.0279,0.0293,0.0627,0.0638,0.02813,ok
oak,0.2,27,185,1/30,0.03333333333333333,12,3,36/36,7,7,158,168,8.28571e-10,0.2866,0.3244,0.3964,0.5112,0.009732,ok
oak,0.2,27,185,1/60,0.016666666666666666,12,3,36/36,5,5,79,84,4.60411e-10,0.1573,0.1654,0.2487,0.2685,0.009927,ok
oak,0.2,27,185,1/120,0.008333333333333333,12,3,36/36,4,4,69,70,4.08378e-11,0.1381,0.1613,0.2836,0.5032,0.01936,ok
oak,0.2,27,185,1/240,0.004166666666666667,12,3,36/36,4,4,40,45,3.60166e-11,0.0739,0.0758,0.1259,0.1424,0.01818,ok
oak,0.2,27,185,2ms,0.002,12,3,36/36,3,3,43,44,2.93362e-12,0.0763,0.0791,0.1209,0.1312,0.03957,ok
oak,0.2,27,185,1/480,0.0020833333333333333,12,3,36/36,3,3,43,44,3.29831e-12,0.0771,0.0789,0.1400,0.1406,0.0379,ok
oak,0.2,27,185,1/960,0.0010416666666666667,12,3,36/36,3,3,21,24,8.96974e-10,0.0466,0.0499,0.0910,0.1010,0.04786,ok
oak,0.12,81,773,1/30,0.03333333333333333,12,3,36/36,11,11,519,542,6.6997e-10,3.5869,3.8165,5.9919,6.5426,0.1145,ok
oak,0.12,81,773,1/60,0.016666666666666666,12,3,36/36,4,5,113,127,2.38543e-10,0.8304,0.9613,1.0061,1.1042,0.05768,ok
oak,0.12,81,773,1/120,0.008333333333333333,12,3,36/36,4,4,103,105,4.27402e-11,0.7750,0.8013,1.7596,1.8467,0.09615,ok
oak,0.12,81,773,1/240,0.004166666666666667,12,3,36/36,4,4,60,62,2.88907e-11,0.4908,0.5095,0.5886,1.0641,0.1223,ok
oak,0.12,81,773,2ms,0.002,12,3,36/36,3,3,67,69,2.29021e-12,0.5316,0.5510,0.6696,1.1129,0.2755,ok
oak,0.12,81,773,1/480,0.0020833333333333333,12,3,36/36,3,3,68,69,2.4077e-12,0.5324,0.5533,0.8018,0.8849,0.2656,ok
oak,0.12,81,773,1/960,0.0010416666666666667,12,3,36/36,3,3,33,34,7.50393e-10,0.3112,0.3241,0.6463,0.7129,0.3111,ok
oak,0.1,117,1181,1/30,0.03333333333333333,12,3,0/1,17,17,830,830,1.90681e-09,7.8702,7.8702,7.8702,7.8702,0.2361,rejected
oak,0.1,117,1181,1/60,0.016666666666666666,12,3,36/36,5,5,163,167,9.77688e-10,1.5028,1.5686,1.8193,2.0426,0.09412,ok
oak,0.1,117,1181,1/120,0.008333333333333333,12,3,36/36,4,4,135,151,2.00199e-10,1.4827,1.6524,2.6477,3.0886,0.1983,ok
oak,0.1,117,1181,1/240,0.004166666666666667,12,3,36/36,4,4,70,70,9.07996e-11,0.8385,0.8668,0.9572,1.0139,0.208,ok
oak,0.1,117,1181,2ms,0.002,12,3,36/36,3,3,78,78,1.01154e-11,0.8632,0.8896,1.0459,1.0521,0.4448,ok
oak,0.1,117,1181,1/480,0.0020833333333333333,12,3,36/36,3,3,78,78,1.23053e-11,0.8630,0.8998,1.5085,1.5374,0.4319,ok
oak,0.1,117,1181,1/960,0.0010416666666666667,12,3,36/36,3,3,73,85,2.59203e-12,0.8164,0.8663,1.4358,1.5269,0.8317,ok
oak,0.08,179,1957,1/30,0.03333333333333333,12,3,36/36,15,15,1267,1285,8.32456e-10,18.5270,20.2700,24.0504,24.7638,0.6081,ok
oak,0.08,179,1957,1/60,0.016666666666666666,12,3,36/36,5,5,177,180,2.21868e-10,2.7025,2.8190,4.1310,4.1408,0.1691,ok
oak,0.08,179,1957,1/120,0.008333333333333333,12,3,36/36,4,4,138,160,5.1332e-11,2.2024,2.3543,3.4509,3.6922,0.2825,ok
oak,0.08,179,1957,1/240,0.004166666666666667,12,3,36/36,4,4,78,78,2.24346e-11,1.3489,1.3832,1.6419,1.6771,0.332,ok
oak,0.08,179,1957,2ms,0.002,12,3,36/36,3,3,87,101,2.47396e-12,1.6002,1.6914,3.1333,3.2861,0.8457,ok
oak,0.08,179,1957,1/480,0.0020833333333333333,12,3,36/36,3,3,87,101,3.04106e-12,1.6006,1.6852,2.9495,3.3922,0.8089,ok
oak,0.08,179,1957,1/960,0.0010416666666666667,12,3,36/36,3,3,44,45,5.69103e-10,0.8441,0.8876,1.1817,1.5037,0.8521,ok
oak,0.06,461,5665,1/30,0.03333333333333333,12,3,0/1,62,62,8704,8704,5.86462e-09,377.9735,377.9735,377.9735,377.9735,11.34,rejected
oak,0.06,461,5665,1/60,0.016666666666666666,12,3,0/1,7,7,557,557,1.25415e-09,23.7297,23.7297,23.7297,23.7297,1.424,rejected
oak,0.06,461,5665,1/120,0.008333333333333333,12,3,36/36,4,4,199,230,4.2563e-10,8.2785,9.4461,11.4117,12.8466,1.134,ok
oak,0.06,461,5665,1/240,0.004166666666666667,12,3,36/36,4,4,111,112,2.46926e-10,4.9750,5.1486,6.7256,9.5374,1.236,ok
oak,0.06,461,5665,2ms,0.002,12,3,36/36,3,3,109,130,2.60362e-11,4.8691,5.3126,6.8272,7.4312,2.656,ok
oak,0.06,461,5665,1/480,0.0020833333333333333,12,3,36/36,3,3,110,117,2.83288e-11,4.9422,5.2180,10.8767,11.0189,2.505,ok
oak,0.06,461,5665,1/960,0.0010416666666666667,12,3,36/36,3,3,105,127,7.21541e-12,4.9964,5.4274,8.3535,8.5390,5.21,ok
oak,0.05,739,9477,1/30,0.03333333333333333,12,3,0/1,46,46,17316,17316,7.14984e-09,1248.7825,1248.7825,1248.7825,1248.7825,37.46,rejected
oak,0.05,739,9477,1/60,0.016666666666666666,12,3,0/1,6,6,1054,1054,1.49305e-09,77.7088,77.7088,77.7088,77.7088,4.663,rejected
oak,0.05,739,9477,1/120,0.008333333333333333,12,3,36/36,4,4,358,520,6.38727e-10,26.3782,32.6084,39.4689,39.7419,3.913,ok
oak,0.05,739,9477,1/240,0.004166666666666667,12,3,36/36,4,4,194,194,2.47992e-10,14.6744,15.9568,18.7850,18.8776,3.83,ok
oak,0.05,739,9477,2ms,0.002,12,3,36/36,3,4,129,134,4.05367e-11,9.6191,10.8167,13.1328,15.0620,5.408,ok
oak,0.05,739,9477,1/480,0.0020833333333333333,12,3,36/36,4,4,129,133,3.75257e-11,10.1427,10.9412,13.5923,13.6880,5.252,ok
oak,0.05,739,9477,1/960,0.0010416666666666667,12,3,36/36,3,3,120,142,1.02247e-11,9.4027,10.7204,13.9381,15.3113,10.29,ok
oak,0.04,1285,17097,1/30,0.03333333333333333,12,3,0/1,53,53,20502,20502,1.1785e-08,2651.5697,2651.5697,2651.5697,2651.5697,79.55,rejected
oak,0.04,1285,17097,1/60,0.016666666666666666,12,3,0/1,7,7,1739,1739,2.81393e-09,232.4542,232.4542,232.4542,232.4542,13.95,rejected
oak,0.04,1285,17097,1/120,0.008333333333333333,12,3,36/36,4,4,438,598,9.68401e-10,56.8620,64.7737,83.3224,84.4085,7.773,ok
oak,0.04,1285,17097,1/240,0.004166666666666667,12,3,36/36,4,4,346,387,4.02858e-10,43.7988,48.1343,53.3534,54.4236,11.55,ok
oak,0.04,1285,17097,2ms,0.002,12,3,36/36,4,4,284,401,5.50267e-11,37.3119,40.7850,58.9987,59.6390,20.39,ok
oak,0.04,1285,17097,1/480,0.0020833333333333333,12,3,36/36,4,4,385,551,6.19923e-11,51.6525,63.2426,77.2877,78.7357,30.36,ok
oak,0.04,1285,17097,1/960,0.0010416666666666667,12,3,36/36,3,3,224,235,1.30138e-11,30.4215,32.7671,36.6962,37.0583,31.46,ok
oak,0.035,1863,25385,1/30,0.03333333333333333,12,3,0/1,41,41,15705,15705,1.6109e-08,3055.2536,3055.2536,3055.2536,3055.2536,91.66,rejected
oak,0.035,1863,25385,1/60,0.016666666666666666,12,3,0/1,6,6,1578,1578,4.45263e-09,315.6028,315.6028,315.6028,315.6028,18.94,rejected
oak,0.035,1863,25385,1/120,0.008333333333333333,12,3,0/1,7,7,1405,1405,1.1735e-09,290.6276,290.6276,290.6276,290.6276,34.88,rejected
oak,0.035,1863,25385,1/240,0.004166666666666667,12,3,36/36,4,4,422,427,4.35732e-10,80.8466,87.3537,94.2663,96.0113,20.96,ok
oak,0.035,1863,25385,2ms,0.002,12,3,36/36,3,3,431,590,7.24678e-11,83.3656,90.2980,115.5511,119.4091,45.15,ok
oak,0.035,1863,25385,1/480,0.0020833333333333333,12,3,36/36,3,4,438,603,9.047e-11,84.2266,93.8042,123.6031,123.6464,45.03,ok
oak,0.035,1863,25385,1/960,0.0010416666666666667,12,3,36/36,3,3,396,437,2.22356e-11,74.9757,83.0608,88.6289,90.9000,79.74,ok
oak,0.03,2945,41125,1/30,0.03333333333333333,12,3,0/1,256,256,101721,101721,1.39965e-06,28933.3733,28933.3733,28933.3733,28933.3733,868,rejected
oak,0.03,2945,41125,1/60,0.016666666666666666,12,3,0/1,256,256,102074,102074,2.66014e-07,29237.6711,29237.6711,29237.6711,29237.6711,1754,rejected
oak,0.03,2945,41125,1/120,0.008333333333333333,12,3,0/1,8,8,2609,2609,1.95663e-09,844.3990,844.3990,844.3990,844.3990,101.3,rejected
oak,0.03,2945,41125,1/240,0.004166666666666667,12,3,36/36,4,4,352,356,6.5789e-10,113.1940,120.0365,130.8011,133.4648,28.81,ok
oak,0.03,2945,41125,2ms,0.002,12,3,36/36,4,4,599,1096,9.47779e-10,196.0300,218.8226,358.2976,358.8254,109.4,ok
oak,0.03,2945,41125,1/480,0.0020833333333333333,12,3,36/36,4,4,527,1094,3.5493e-10,167.7229,201.5587,356.0994,356.1020,96.75,ok
oak,0.03,2945,41125,1/960,0.0010416666666666667,12,3,36/36,3,3,487,725,2.98838e-11,154.8845,217.9050,236.0953,236.9146,209.2,ok
iron,0.25,19,117,1/30,0.03333333333333333,12,3,36/36,9,9,156,160,3.62831e-10,0.1883,0.1928,0.5347,0.5355,0.005785,ok
iron,0.25,19,117,1/60,0.016666666666666666,12,3,36/36,5,5,61,65,1.44436e-10,0.0735,0.0793,0.1242,0.1257,0.004755,ok
iron,0.25,19,117,1/120,0.008333333333333333,12,3,36/36,4,4,32,56,9.95678e-10,0.0446,0.0558,0.1255,0.2545,0.006696,ok
iron,0.25,19,117,1/240,0.004166666666666667,12,3,36/36,4,4,31,32,1.50543e-11,0.0443,0.0451,0.0904,0.0908,0.01082,ok
iron,0.25,19,117,2ms,0.002,12,3,36/36,3,3,35,37,1.09731e-12,0.0471,0.0490,0.0891,0.0942,0.02452,ok
iron,0.25,19,117,1/480,0.0020833333333333333,12,3,36/36,3,3,35,37,1.4251e-12,0.0464,0.0488,0.0959,0.1000,0.0234,ok
iron,0.25,19,117,1/960,0.0010416666666666667,12,3,36/36,3,3,18,18,2.26946e-10,0.0286,0.0317,0.1750,0.3951,0.03043,ok
iron,0.2,27,185,1/30,0.03333333333333333,12,3,36/36,10,12,226,296,9.59673e-10,0.3957,0.4942,0.8251,0.9604,0.01483,ok
iron,0.2,27,185,1/60,0.016666666666666666,12,3,36/36,5,5,82,118,8.74399e-10,0.1599,0.2341,0.3972,0.5508,0.01405,ok
iron,0.2,27,185,1/120,0.008333333333333333,12,3,36/36,4,4,70,70,7.93072e-11,0.1380,0.1501,0.1755,0.1791,0.01801,ok
iron,0.2,27,185,1/240,0.004166666666666667,12,3,36/36,4,4,40,40,4.0884e-11,0.0738,0.0748,0.1291,0.1434,0.01795,ok
iron,0.2,27,185,2ms,0.002,12,3,36/36,3,3,44,46,3.91695e-12,0.0782,0.0820,0.1308,0.1320,0.041,ok
iron,0.2,27,185,1/480,0.0020833333333333333,12,3,36/36,3,3,44,46,3.71575e-12,0.0781,0.0822,0.1461,0.1877,0.03943,ok
iron,0.2,27,185,1/960,0.0010416666666666667,12,3,36/36,3,3,22,45,8.14603e-10,0.0469,0.0510,0.1799,0.2208,0.04901,ok
iron,0.12,81,773,1/30,0.03333333333333333,12,3,36/36,79,80,3751,4058,9.40151e-10,31.5676,33.1643,37.9448,41.4385,0.9949,ok
iron,0.12,81,773,1/60,0.016666666666666666,12,3,36/36,5,5,113,131,4.5735e-10,0.8256,0.9742,1.4126,1.8135,0.05845,ok
iron,0.12,81,773,1/120,0.008333333333333333,12,3,36/36,4,4,105,107,6.26574e-11,0.7786,0.8485,1.3150,1.5253,0.1018,ok
iron,0.12,81,773,1/240,0.004166666666666667,12,3,36/36,4,4,61,63,3.78729e-11,0.4963,0.5101,0.8231,0.8364,0.1224,ok
iron,0.12,81,773,2ms,0.002,12,3,36/36,3,3,62,69,4.00274e-12,0.4782,0.5183,0.5883,0.6159,0.2591,ok
iron,0.12,81,773,1/480,0.0020833333333333333,12,3,36/36,3,3,61,62,3.21068e-12,0.4843,0.5041,0.8585,0.9587,0.242,ok
iron,0.12,81,773,1/960,0.0010416666666666667,12,3,36/36,3,3,35,35,5.71866e-10,0.3146,0.3308,0.3779,0.4148,0.3176,ok
iron,0.1,117,1181,1/30,0.03333333333333333,12,3,0/1,32,32,2398,2398,2.53205e-09,23.8809,23.8809,23.8809,23.8809,0.7164,rejected
iron,0.1,117,1181,1/60,0.016666666666666666,12,3,36/36,5,6,248,292,9.32283e-10,2.2191,2.4104,4.0189,4.0809,0.1446,ok
iron,0.1,117,1181,1/120,0.008333333333333333,12,3,36/36,4,4,132,135,2.44408e-10,1.3517,1.4145,1.9387,2.0544,0.1697,ok
iron,0.1,117,1181,1/240,0.004166666666666667,12,3,36/36,4,4,71,71,7.99142e-11,0.8330,0.8822,1.1561,2.0592,0.2117,ok
iron,0.1,117,1181,2ms,0.002,12,3,36/36,3,3,68,79,1.36889e-11,0.7781,0.9334,1.5826,1.9158,0.4667,ok
iron,0.1,117,1181,1/480,0.0020833333333333333,12,3,36/36,3,3,68,79,1.44487e-11,0.7740,0.8861,0.9559,1.0144,0.4253,ok
iron,0.1,117,1181,1/960,0.0010416666666666667,12,3,36/36,3,3,75,76,4.47824e-12,0.8370,0.8744,1.0278,1.2830,0.8395,ok
iron,0.08,179,1957,1/30,0.03333333333333333,12,3,36/36,51,51,6239,6321,9.85752e-10,93.0595,103.8137,109.0311,110.3784,3.114,ok
iron,0.08,179,1957,1/60,0.016666666666666666,12,3,36/36,5,5,180,181,3.79125e-10,2.7117,2.8088,3.7402,3.9760,0.1685,ok
iron,0.08,179,1957,1/120,0.008333333333333333,12,3,36/36,4,4,139,141,7.12928e-11,2.2380,2.3441,4.2335,4.5911,0.2813,ok
iron,0.08,179,1957,1/240,0.004166666666666667,12,3,36/36,4,4,79,81,6.63044e-11,1.3769,1.4336,2.4358,2.9873,0.3441,ok
iron,0.08,179,1957,2ms,0.002,12,3,36/36,3,3,81,85,4.50927e-12,1.3827,1.4493,2.0809,3.2519,0.7246,ok
iron,0.08,179,1957,1/480,0.0020833333333333333,12,3,36/36,3,3,79,81,4.71849e-12,1.3777,1.4083,2.4164,2.5967,0.676,ok
iron,0.08,179,1957,1/960,0.0010416666666666667,12,3,36/36,3,3,45,45,6.78428e-10,0.8287,0.8585,1.5223,1.9120,0.8242,ok
iron,0.06,461,5665,1/30,0.03333333333333333,12,3,0/1,59,59,12959,12959,6.31328e-09,529.2855,529.2855,529.2855,529.2855,15.88,rejected
iron,0.06,461,5665,1/60,0.016666666666666666,12,3,0/1,11,11,716,716,1.96991e-09,32.7786,32.7786,32.7786,32.7786,1.967,rejected
iron,0.06,461,5665,1/120,0.008333333333333333,12,3,36/36,4,5,257,293,6.12095e-10,10.3149,11.6133,13.8860,15.7761,1.394,ok
iron,0.06,461,5665,1/240,0.004166666666666667,12,3,36/36,4,4,138,140,3.31482e-10,5.7312,5.9684,8.6208,10.1582,1.432,ok
iron,0.06,461,5665,2ms,0.002,12,3,36/36,3,3,109,138,4.36855e-11,4.8994,5.8809,7.3048,8.1090,2.94,ok
iron,0.06,461,5665,1/480,0.0020833333333333333,12,3,36/36,3,3,109,135,4.03095e-11,4.9243,5.1320,6.3459,6.3845,2.463,ok
iron,0.06,461,5665,1/960,0.0010416666666666667,12,3,36/36,3,3,104,129,9.80481e-12,4.8709,5.5217,7.6530,10.8363,5.301,ok
iron,0.05,739,9477,1/30,0.03333333333333333,12,3,0/1,43,43,16280,16280,1.09517e-08,1146.3653,1146.3653,1146.3653,1146.3653,34.39,rejected
iron,0.05,739,9477,1/60,0.016666666666666666,12,3,0/1,7,7,1606,1606,3.30304e-09,113.3948,113.3948,113.3948,113.3948,6.804,rejected
iron,0.05,739,9477,1/120,0.008333333333333333,12,3,36/36,4,5,358,598,9.80522e-10,25.1583,38.7135,44.6629,48.2490,4.646,ok
iron,0.05,739,9477,1/240,0.004166666666666667,12,3,36/36,4,4,196,199,5.53789e-10,14.3195,16.1575,18.0430,19.2106,3.878,ok
iron,0.05,739,9477,2ms,0.002,12,3,36/36,4,4,152,182,5.96292e-11,11.4540,13.2804,16.1899,16.8838,6.64,ok
iron,0.05,739,9477,1/480,0.0020833333333333333,12,3,36/36,4,4,156,215,7.62591e-11,11.8672,15.0537,18.3103,21.6763,7.226,ok
iron,0.05,739,9477,1/960,0.0010416666666666667,12,3,36/36,3,3,125,149,1.72554e-11,9.6808,10.6625,14.8244,15.3360,10.24,ok
iron,0.04,1285,17097,1/30,0.03333333333333333,12,3,0/1,39,39,14901,14901,1.91633e-08,1928.8237,1928.8237,1928.8237,1928.8237,57.86,rejected
iron,0.04,1285,17097,1/60,0.016666666666666666,12,3,0/1,9,9,2613,2613,3.58478e-09,347.5034,347.5034,347.5034,347.5034,20.85,rejected
iron,0.04,1285,17097,1/120,0.008333333333333333,12,3,1/2,4,6,601,623,1.36332e-09,80.2778,83.9416,87.6054,87.6054,10.07,rejected
iron,0.04,1285,17097,1/240,0.004166666666666667,12,3,36/36,4,4,305,366,5.90501e-10,40.4307,49.4664,52.9975,53.1763,11.87,ok
iron,0.04,1285,17097,2ms,0.002,12,3,36/36,3,4,402,443,8.35568e-11,51.1625,58.9509,62.6316,63.8388,29.48,ok
iron,0.04,1285,17097,1/480,0.0020833333333333333,12,3,36/36,3,4,428,433,1.1275e-10,55.4861,57.8340,63.5971,63.6700,27.76,ok
iron,0.04,1285,17097,1/960,0.0010416666666666667,12,3,36/36,3,3,236,247,2.63019e-11,31.1954,34.4971,38.6381,39.4083,33.12,ok
iron,0.035,1863,25385,1/30,0.03333333333333333,12,3,0/1,256,256,101704,101704,1.65574e-08,17719.0591,17719.0591,17719.0591,17719.0591,531.6,rejected
iron,0.035,1863,25385,1/60,0.016666666666666666,12,3,0/1,121,121,48065,48065,7.2255e-09,8529.4421,8529.4421,8529.4421,8529.4421,511.8,rejected
iron,0.035,1863,25385,1/120,0.008333333333333333,12,3,0/1,5,5,1018,1018,1.77213e-09,205.3394,205.3394,205.3394,205.3394,24.64,rejected
iron,0.035,1863,25385,1/240,0.004166666666666667,12,3,36/36,4,4,288,291,7.14349e-10,56.1544,59.2304,66.3887,68.4182,14.22,ok
iron,0.035,1863,25385,2ms,0.002,12,3,36/36,3,4,362,553,1.41026e-10,68.1323,84.5419,105.6806,106.8829,42.27,ok
iron,0.035,1863,25385,1/480,0.0020833333333333333,12,3,36/36,3,3,362,440,1.45923e-10,68.7178,73.2207,88.4502,99.0945,35.15,ok
iron,0.035,1863,25385,1/960,0.0010416666666666667,12,3,36/36,3,3,410,489,4.04851e-11,77.5813,90.5233,96.7911,97.4449,86.9,ok
iron,0.03,2945,41125,1/30,0.03333333333333333,12,3,0/1,256,256,101720,101720,1.80649e-06,29030.0034,29030.0034,29030.0034,29030.0034,870.9,rejected
iron,0.03,2945,41125,1/60,0.016666666666666666,12,3,0/1,256,256,102074,102074,2.01054e-08,28902.9216,28902.9216,28902.9216,28902.9216,1734,rejected
iron,0.03,2945,41125,1/120,0.008333333333333333,12,3,0/1,111,111,44045,44045,2.82993e-09,12474.6493,12474.6493,12474.6493,12474.6493,1497,rejected
iron,0.03,2945,41125,1/240,0.004166666666666667,12,3,36/36,4,4,355,758,8.47338e-10,112.2364,116.4621,240.1797,243.5486,27.95,ok
iron,0.03,2945,41125,2ms,0.002,12,3,36/36,4,4,543,1016,3.14558e-10,167.6391,195.4390,325.5344,330.0523,97.72,ok
iron,0.03,2945,41125,1/480,0.0020833333333333333,12,3,36/36,4,4,531,1018,6.81849e-10,162.8252,191.5897,315.5775,321.9158,91.96,ok
iron,0.03,2945,41125,1/960,0.0010416666666666667,12,3,36/36,3,3,679,685,5.24844e-11,205.0122,218.5905,232.8188,235.6103,209.8,ok
