"material","experiment","voxel_size_m","dt_s","steps","restitution","exit_code","elapsed_s","commit","dirty_source","started_utc","command","log","summary"
"glass","free","0.12","0.002","1","1","0","0.022024","b31a8a5cf51d09dc725fe1448c9eb27254aeb2ea","False","2026-09-05T03:22:11.2425548Z","C:\Users\henry\dev\banjo-integration\build\win-integration\Release\banjo_solver_probe.exe --material glass --case free --step-mode raw --voxel-size 0.12 --dt 0.002 --steps 1 --gap 0.001 --speed 1 --restitution 1","C:\Users\henry\dev\banjo-integration\build\event-root-probes\coarse-matrix\glass-free.txt","balance-P=1.74046714305e-14 balance-L=1.53527927876e-12 balance-E=-2.13162820728e-14 normal-loss=0 impact-loss=0 support-impulse-y=0 final-COM-vy=-0.1"
"glass","raw-floor","0.12","0.002","1","1","0","0.0224933","b31a8a5cf51d09dc725fe1448c9eb27254aeb2ea","False","2026-09-05T03:22:11.2762115Z","C:\Users\henry\dev\banjo-integration\build\win-integration\Release\banjo_solver_probe.exe --material glass --case floor --step-mode raw --voxel-size 0.12 --dt 0.002 --steps 1 --gap 0.001 --speed 1 --restitution 1","C:\Users\henry\dev\banjo-integration\build\event-root-probes\coarse-matrix\glass-raw-floor.txt","balance-P=1.90470519592e-12 balance-L=1.04935405887e-13 balance-E=6.96331881045e-13 normal-loss=81.5059879323 impact-loss=0 support-impulse-y=163.011975865 final-COM-vy=-0.00213041219009"
"glass","event-floor","0.12","0.002","1","1","0","0.1687217","b31a8a5cf51d09dc725fe1448c9eb27254aeb2ea","False","2026-09-05T03:22:11.2995215Z","C:\Users\henry\dev\banjo-integration\build\win-integration\Release\banjo_solver_probe.exe --material glass --case floor --step-mode events --voxel-size 0.12 --dt 0.002 --steps 1 --gap 0.001 --speed 1 --restitution 1","C:\Users\henry\dev\banjo-integration\build\event-root-probes\coarse-matrix\glass-event-floor.txt","balance-P=1.51769654623e-08 balance-L=5.58481343779e-12 balance-E=-8.68932659159e-09 normal-loss=0 impact-loss=0 support-impulse-y=180.605089969 final-COM-vy=0.10556494848"
"glass","event-half-step","0.12","0.001","2","1","0","0.1825749","b31a8a5cf51d09dc725fe1448c9eb27254aeb2ea","False","2026-09-05T03:22:11.4688737Z","C:\Users\henry\dev\banjo-integration\build\win-integration\Release\banjo_solver_probe.exe --material glass --case floor --step-mode events --voxel-size 0.12 --dt 0.001 --steps 2 --gap 0.001 --speed 1 --restitution 1","C:\Users\henry\dev\banjo-integration\build\event-root-probes\coarse-matrix\glass-event-half-step.txt","balance-P=1.51769654623e-08 balance-L=5.58481343779e-12 balance-E=-8.68932659159e-09 normal-loss=0 impact-loss=0 support-impulse-y=180.605089969 final-COM-vy=0.10556494848"
"glass","event-quarter-step","0.12","0.0005","4","1","0","0.1782075","b31a8a5cf51d09dc725fe1448c9eb27254aeb2ea","False","2026-09-05T03:22:11.6637123Z","C:\Users\henry\dev\banjo-integration\build\win-integration\Release\banjo_solver_probe.exe --material glass --case floor --step-mode events --voxel-size 0.12 --dt 0.0005 --steps 4 --gap 0.001 --speed 1 --restitution 1","C:\Users\henry\dev\banjo-integration\build\event-root-probes\coarse-matrix\glass-event-quarter-step.txt","balance-P=1.51423762419e-08 balance-L=5.58920218031e-12 balance-E=-8.83852635525e-09 normal-loss=0 impact-loss=0 support-impulse-y=201.027608 final-COM-vy=0.230580362483"
"glass","event-loss","0.12","0.002","1","0.3","2","0.2214606","b31a8a5cf51d09dc725fe1448c9eb27254aeb2ea","False","2026-09-05T03:22:11.8427740Z","C:\Users\henry\dev\banjo-integration\build\win-integration\Release\banjo_solver_probe.exe --material glass --case floor --step-mode events --voxel-size 0.12 --dt 0.002 --steps 1 --gap 0.001 --speed 1 --restitution 0.3","C:\Users\henry\dev\banjo-integration\build\event-root-probes\coarse-matrix\glass-event-loss.txt","advance_failure=substep budget last_trial_accepted=1 last_velocity_residual=5.23962145687e-17 remaining_s=0.000986044455182 last_dt_s=2.55511776284e-13 gap_m=4.35762537165e-15 bracket_s=[0,0.000986044455437] bracket_gap_m=[4.35762537165e-15,-1.68164943236e-05]"
"oak","free","0.12","0.002","1","1","0","0.0124349","b31a8a5cf51d09dc725fe1448c9eb27254aeb2ea","False","2026-09-05T03:22:12.0653750Z","C:\Users\henry\dev\banjo-integration\build\win-integration\Release\banjo_solver_probe.exe --material oak --case free --step-mode raw --voxel-size 0.12 --dt 0.002 --steps 1 --gap 0.001 --speed 1 --restitution 1","C:\Users\henry\dev\banjo-integration\build\event-root-probes\coarse-matrix\oak-free.txt","balance-P=7.1607233461e-15 balance-L=1.53230727933e-13 balance-E=0 normal-loss=0 impact-loss=0 support-impulse-y=0 final-COM-vy=-0.1"
"oak","raw-floor","0.12","0.002","1","1","0","0.0119749","b31a8a5cf51d09dc725fe1448c9eb27254aeb2ea","False","2026-09-05T03:22:12.0787597Z","C:\Users\henry\dev\banjo-integration\build\win-integration\Release\banjo_solver_probe.exe --material oak --case floor --step-mode raw --voxel-size 0.12 --dt 0.002 --steps 1 --gap 0.001 --speed 1 --restitution 1","C:\Users\henry\dev\banjo-integration\build\event-root-probes\coarse-matrix\oak-raw-floor.txt","balance-P=3.19911954137e-13 balance-L=3.77596273585e-14 balance-E=4.26325641456e-13 normal-loss=22.7909371695 impact-loss=0 support-impulse-y=45.581874339 final-COM-vy=-0.00347448363286"
"oak","event-floor","0.12","0.002","1","1","0","0.178325","b31a8a5cf51d09dc725fe1448c9eb27254aeb2ea","False","2026-09-05T03:22:12.0918701Z","C:\Users\henry\dev\banjo-integration\build\win-integration\Release\banjo_solver_probe.exe --material oak --case floor --step-mode events --voxel-size 0.12 --dt 0.002 --steps 1 --gap 0.001 --speed 1 --restitution 1","C:\Users\henry\dev\banjo-integration\build\event-root-probes\coarse-matrix\oak-event-floor.txt","balance-P=4.56059012777e-09 balance-L=1.7125749445e-12 balance-E=-2.57235660968e-09 normal-loss=0 impact-loss=-5.96855897462e-17 support-impulse-y=51.7205627612 final-COM-vy=0.130731486239"
"oak","event-half-step","0.12","0.001","2","1","0","0.1784912","b31a8a5cf51d09dc725fe1448c9eb27254aeb2ea","False","2026-09-05T03:22:12.2710805Z","C:\Users\henry\dev\banjo-integration\build\win-integration\Release\banjo_solver_probe.exe --material oak --case floor --step-mode events --voxel-size 0.12 --dt 0.001 --steps 2 --gap 0.001 --speed 1 --restitution 1","C:\Users\henry\dev\banjo-integration\build\event-root-probes\coarse-matrix\oak-event-half-step.txt","balance-P=4.56059012777e-09 balance-L=1.7125749445e-12 balance-E=-2.57235660968e-09 normal-loss=0 impact-loss=-5.96855897462e-17 support-impulse-y=51.7205627612 final-COM-vy=0.130731486239"
"oak","event-quarter-step","0.12","0.0005","4","1","0","0.1699344","b31a8a5cf51d09dc725fe1448c9eb27254aeb2ea","False","2026-09-05T03:22:12.4504025Z","C:\Users\henry\dev\banjo-integration\build\win-integration\Release\banjo_solver_probe.exe --material oak --case floor --step-mode events --voxel-size 0.12 --dt 0.0005 --steps 4 --gap 0.001 --speed 1 --restitution 1","C:\Users\henry\dev\banjo-integration\build\event-root-probes\coarse-matrix\oak-event-quarter-step.txt","balance-P=4.38047464969e-09 balance-L=1.57362202688e-12 balance-E=-2.6044872925e-09 normal-loss=0 impact-loss=8.70212186072e-30 support-impulse-y=59.4824205485 final-COM-vy=0.300423703846"
"oak","event-loss","0.12","0.002","1","0.3","2","0.2122721","b31a8a5cf51d09dc725fe1448c9eb27254aeb2ea","False","2026-09-05T03:22:12.6211489Z","C:\Users\henry\dev\banjo-integration\build\win-integration\Release\banjo_solver_probe.exe --material oak --case floor --step-mode events --voxel-size 0.12 --dt 0.002 --steps 1 --gap 0.001 --speed 1 --restitution 0.3","C:\Users\henry\dev\banjo-integration\build\event-root-probes\coarse-matrix\oak-event-loss.txt","advance_failure=substep budget last_trial_accepted=1 last_velocity_residual=5.65243971823e-17 remaining_s=0.000982164497373 last_dt_s=3.411279233e-13 gap_m=9.29811783124e-15 bracket_s=[0,0.000982164497714] bracket_gap_m=[9.29811783124e-15,-2.67708405043e-05]"
"iron","free","0.12","0.002","1","1","0","0.0124958","b31a8a5cf51d09dc725fe1448c9eb27254aeb2ea","False","2026-09-05T03:22:12.8341864Z","C:\Users\henry\dev\banjo-integration\build\win-integration\Release\banjo_solver_probe.exe --material iron --case free --step-mode raw --voxel-size 0.12 --dt 0.002 --steps 1 --gap 0.001 --speed 1 --restitution 1","C:\Users\henry\dev\banjo-integration\build\event-root-probes\coarse-matrix\iron-free.txt","balance-P=8.67327942141e-14 balance-L=4.82446090772e-12 balance-E=8.52651282912e-14 normal-loss=0 impact-loss=0 support-impulse-y=0 final-COM-vy=-0.1"
"iron","raw-floor","0.12","0.002","1","1","0","0.0122154","b31a8a5cf51d09dc725fe1448c9eb27254aeb2ea","False","2026-09-05T03:22:12.8476244Z","C:\Users\henry\dev\banjo-integration\build\win-integration\Release\banjo_solver_probe.exe --material iron --case floor --step-mode raw --voxel-size 0.12 --dt 0.002 --steps 1 --gap 0.001 --speed 1 --restitution 1","C:\Users\henry\dev\banjo-integration\build\event-root-probes\coarse-matrix\iron-raw-floor.txt","balance-P=5.4576343038e-12 balance-L=3.8732409952e-13 balance-E=4.54747350886e-13 normal-loss=256.556609788 impact-loss=0 support-impulse-y=513.113219576 final-COM-vy=-0.00222468493551"
"iron","event-floor","0.12","0.002","1","1","0","0.1766939","b31a8a5cf51d09dc725fe1448c9eb27254aeb2ea","False","2026-09-05T03:22:12.8607912Z","C:\Users\henry\dev\banjo-integration\build\win-integration\Release\banjo_solver_probe.exe --material iron --case floor --step-mode events --voxel-size 0.12 --dt 0.002 --steps 1 --gap 0.001 --speed 1 --restitution 1","C:\Users\henry\dev\banjo-integration\build\event-root-probes\coarse-matrix\iron-event-floor.txt","balance-P=4.80764583699e-08 balance-L=1.76270273472e-11 balance-E=-2.75447281717e-08 normal-loss=0 impact-loss=9.92522546701e-16 support-impulse-y=568.544682993 final-COM-vy=0.1055646758"
"iron","event-half-step","0.12","0.001","2","1","0","0.1718636","b31a8a5cf51d09dc725fe1448c9eb27254aeb2ea","False","2026-09-05T03:22:13.0383874Z","C:\Users\henry\dev\banjo-integration\build\win-integration\Release\banjo_solver_probe.exe --material iron --case floor --step-mode events --voxel-size 0.12 --dt 0.001 --steps 2 --gap 0.001 --speed 1 --restitution 1","C:\Users\henry\dev\banjo-integration\build\event-root-probes\coarse-matrix\iron-event-half-step.txt","balance-P=4.80764583699e-08 balance-L=1.76270273472e-11 balance-E=-2.75447281717e-08 normal-loss=0 impact-loss=9.92522546701e-16 support-impulse-y=568.544682993 final-COM-vy=0.1055646758"
"iron","event-quarter-step","0.12","0.0005","4","1","0","0.1942487","b31a8a5cf51d09dc725fe1448c9eb27254aeb2ea","False","2026-09-05T03:22:13.2110172Z","C:\Users\henry\dev\banjo-integration\build\win-integration\Release\banjo_solver_probe.exe --material iron --case floor --step-mode events --voxel-size 0.12 --dt 0.0005 --steps 4 --gap 0.001 --speed 1 --restitution 1","C:\Users\henry\dev\banjo-integration\build\event-root-probes\coarse-matrix\iron-event-quarter-step.txt","balance-P=4.74595935885e-08 balance-L=1.7503312711e-11 balance-E=-2.777033774e-08 normal-loss=0 impact-loss=2.9536837819e-15 support-impulse-y=632.834756645 final-COM-vy=0.230580064306"
"iron","event-loss","0.12","0.002","1","0.3","2","0.2249913","b31a8a5cf51d09dc725fe1448c9eb27254aeb2ea","False","2026-09-05T03:22:13.4059996Z","C:\Users\henry\dev\banjo-integration\build\win-integration\Release\banjo_solver_probe.exe --material iron --case floor --step-mode events --voxel-size 0.12 --dt 0.002 --steps 1 --gap 0.001 --speed 1 --restitution 0.3","C:\Users\henry\dev\banjo-integration\build\event-root-probes\coarse-matrix\iron-event-loss.txt","advance_failure=substep budget last_trial_accepted=1 last_velocity_residual=5.83224309148e-17 remaining_s=0.000985738223077 last_dt_s=5.52802341148e-13 gap_m=9.82547376793e-15 bracket_s=[0,0.00098573822363] bracket_gap_m=[9.82547376793e-15,-1.75204486884e-05]"
