material,damping_kg_s,dt_s,steps,sample_every,exit_code,elapsed_s,recorded_head,dirty_source,started_utc,command,log,trajectory,summary,executable_sha256,balance-P,balance-L,balance-E,normal-loss,impact-loss,support-impulse-y,final-COM-vy,contact-energy,compliance-loss,solver_wall_s,final_internal_kinetic_j,final_body_elastic_j,trajectory_sha256,tested_code_commit
glass,0,1.25E-05,400,8,0,2.9297455,6db149f58b0984421694e8419d3f1bf6f25060a1,True,2026-09-05T03:49:47.3498669Z,C:\Users\henry\dev\banjo-integration\build\win-integration\Release\banjo_solver_probe.exe --material glass --case floor --step-mode compliant --voxel-size 0.04 --gap 0.001 --speed 1 --gravity 0 --normal-stiffness 100000000 --normal-damping 0 --max-compression 0.005 --dt 1.25E-05 --steps 400 --trajectory C:\Users\henry\dev\banjo-integration\build\trajectory-matrix\glass-c0-dt1.25E-05-trajectory.csv --sample-every 8,C:\Users\henry\dev\banjo-integration\build\trajectory-matrix\glass-c0-dt1.25E-05.txt,C:\Users\henry\dev\banjo-integration\build\trajectory-matrix\glass-c0-dt1.25E-05-trajectory.csv,balance-P=4.15474233643e-09 balance-L=2.06099225463e-12 balance-E=1.13900000542e-10 normal-loss=0 impact-loss=0 support-impulse-y=327.179907295 final-COM-vy=0.999768530381 contact-energy=0 compliance-loss=0,65190052a50b53dd7f57f4c56afaf26766b93a199c468018d20c8c694581bc60,4.15474233643e-09,2.06099225463e-12,1.13900000542e-10,0,0,327.179907295,0.999768530381,0,0,2.5467181,0.0282184218266,0.00964768257571,4eaa4877decaf66b31b20d174838195c6e69f9eb42b9c1681d3c8594789a09f6,e5b883e6d5d47dc85a5e1ea42c671d94a83cee99
glass,0,6.25E-06,800,16,0,5.1505505,6db149f58b0984421694e8419d3f1bf6f25060a1,True,2026-09-05T03:49:50.2951257Z,C:\Users\henry\dev\banjo-integration\build\win-integration\Release\banjo_solver_probe.exe --material glass --case floor --step-mode compliant --voxel-size 0.04 --gap 0.001 --speed 1 --gravity 0 --normal-stiffness 100000000 --normal-damping 0 --max-compression 0.005 --dt 6.25E-06 --steps 800 --trajectory C:\Users\henry\dev\banjo-integration\build\trajectory-matrix\glass-c0-dt6.25E-06-trajectory.csv --sample-every 16,C:\Users\henry\dev\banjo-integration\build\trajectory-matrix\glass-c0-dt6.25E-06.txt,C:\Users\henry\dev\banjo-integration\build\trajectory-matrix\glass-c0-dt6.25E-06-trajectory.csv,balance-P=8.32716296143e-09 balance-L=4.23338115966e-12 balance-E=-4.36273239757e-12 normal-loss=0 impact-loss=0 support-impulse-y=327.159383425 final-COM-vy=0.999643085645 contact-energy=0 compliance-loss=0,65190052a50b53dd7f57f4c56afaf26766b93a199c468018d20c8c694581bc60,8.32716296143e-09,4.23338115966e-12,-4.36273239757e-12,0,0,327.159383425,0.999643085645,0,0,4.7428666999999995,0.0326824906632,0.0257014495058,ea63cc5275140082afa57feecf0514b74a4ad4988ab5cafd1e437fe4adf44d51,e5b883e6d5d47dc85a5e1ea42c671d94a83cee99
glass,0,3.125E-06,1600,32,0,8.7211122,6db149f58b0984421694e8419d3f1bf6f25060a1,True,2026-09-05T03:49:55.4469568Z,C:\Users\henry\dev\banjo-integration\build\win-integration\Release\banjo_solver_probe.exe --material glass --case floor --step-mode compliant --voxel-size 0.04 --gap 0.001 --speed 1 --gravity 0 --normal-stiffness 100000000 --normal-damping 0 --max-compression 0.005 --dt 3.125E-06 --steps 1600 --trajectory C:\Users\henry\dev\banjo-integration\build\trajectory-matrix\glass-c0-dt3.125E-06-trajectory.csv --sample-every 32,C:\Users\henry\dev\banjo-integration\build\trajectory-matrix\glass-c0-dt3.125E-06.txt,C:\Users\henry\dev\banjo-integration\build\trajectory-matrix\glass-c0-dt3.125E-06-trajectory.csv,balance-P=3.00929136288e-10 balance-L=1.59136246503e-13 balance-E=-7.95807864051e-13 normal-loss=0 impact-loss=0 support-impulse-y=327.158837914 final-COM-vy=0.999639751453 contact-energy=0 compliance-loss=0,65190052a50b53dd7f57f4c56afaf26766b93a199c468018d20c8c694581bc60,3.00929136288e-10,1.59136246503e-13,-7.95807864051e-13,0,0,327.158837914,0.999639751453,0,0,8.2881553,0.0507847258509,0.00814452211076,c29567532efcab1f8d750788799db0ac6dbd2c594a94dd17f0a4b698f482d4dc,e5b883e6d5d47dc85a5e1ea42c671d94a83cee99
glass,0,1.5625E-06,3200,64,0,17.2993768,6db149f58b0984421694e8419d3f1bf6f25060a1,True,2026-09-05T03:52:17.3829358Z,C:\Users\henry\dev\banjo-integration\build\win-integration\Release\banjo_solver_probe.exe --material glass --case floor --step-mode compliant --voxel-size 0.04 --gap 0.001 --speed 1 --gravity 0 --normal-stiffness 100000000 --normal-damping 0 --max-compression 0.005 --dt 1.5625E-06 --steps 3200 --trajectory C:\Users\henry\dev\banjo-integration\build\trajectory-fine\glass-c0-dt1.5625E-06-trajectory.csv --sample-every 64,C:\Users\henry\dev\banjo-integration\build\trajectory-fine\glass-c0-dt1.5625E-06.txt,C:\Users\henry\dev\banjo-integration\build\trajectory-fine\glass-c0-dt1.5625E-06-trajectory.csv,balance-P=7.56301722155e-10 balance-L=3.98746377424e-13 balance-E=8.24229573482e-13 normal-loss=0 impact-loss=0 support-impulse-y=327.15914549 final-COM-vy=0.999641631397 contact-energy=0 compliance-loss=0,65190052a50b53dd7f57f4c56afaf26766b93a199c468018d20c8c694581bc60,7.56301722155e-10,3.98746377424e-13,8.24229573482e-13,0,0,327.15914549,0.999641631397,0,0,16.6795317,0.0506010155247,0.00802076748896,01f1533805fd344de4ca97751ddead7aab57855b386bba7ad8dd3ac5e14ca631,e5b883e6d5d47dc85a5e1ea42c671d94a83cee99
glass,0,7.8125E-07,6400,128,0,32.7339746,6db149f58b0984421694e8419d3f1bf6f25060a1,True,2026-09-05T03:52:34.7208804Z,C:\Users\henry\dev\banjo-integration\build\win-integration\Release\banjo_solver_probe.exe --material glass --case floor --step-mode compliant --voxel-size 0.04 --gap 0.001 --speed 1 --gravity 0 --normal-stiffness 100000000 --normal-damping 0 --max-compression 0.005 --dt 7.8125E-07 --steps 6400 --trajectory C:\Users\henry\dev\banjo-integration\build\trajectory-fine\glass-c0-dt7.8125E-07-trajectory.csv --sample-every 128,C:\Users\henry\dev\banjo-integration\build\trajectory-fine\glass-c0-dt7.8125E-07.txt,C:\Users\henry\dev\banjo-integration\build\trajectory-fine\glass-c0-dt7.8125E-07-trajectory.csv,balance-P=2.49258467154e-10 balance-L=1.87027077647e-13 balance-E=-3.93640675611e-11 normal-loss=0 impact-loss=0 support-impulse-y=327.159262436 final-COM-vy=0.999642346198 contact-energy=0 compliance-loss=0,65190052a50b53dd7f57f4c56afaf26766b93a199c468018d20c8c694581bc60,2.49258467154e-10,1.87027077647e-13,-3.93640675611e-11,0,0,327.159262436,0.999642346198,0,0,31.8196055,0.0487752340034,0.00972964304358,741579e3b20df620c642098a3e6e97d5f9860bd68b294498eba5c3f7d149d273,e5b883e6d5d47dc85a5e1ea42c671d94a83cee99
glass,10000,1.25E-05,400,8,0,2.9724454,6db149f58b0984421694e8419d3f1bf6f25060a1,True,2026-09-05T03:50:04.1690923Z,C:\Users\henry\dev\banjo-integration\build\win-integration\Release\banjo_solver_probe.exe --material glass --case floor --step-mode compliant --voxel-size 0.04 --gap 0.001 --speed 1 --gravity 0 --normal-stiffness 100000000 --normal-damping 10000 --max-compression 0.005 --dt 1.25E-05 --steps 400 --trajectory C:\Users\henry\dev\banjo-integration\build\trajectory-matrix\glass-c10000-dt1.25E-05-trajectory.csv --sample-every 8,C:\Users\henry\dev\banjo-integration\build\trajectory-matrix\glass-c10000-dt1.25E-05.txt,C:\Users\henry\dev\banjo-integration\build\trajectory-matrix\glass-c10000-dt1.25E-05-trajectory.csv,balance-P=1.82126315185e-09 balance-L=4.19427358596e-13 balance-E=-2.71544564612e-10 normal-loss=0 impact-loss=0 support-impulse-y=291.763555916 final-COM-vy=0.783298926457 contact-energy=0 compliance-loss=31.345586,65190052a50b53dd7f57f4c56afaf26766b93a199c468018d20c8c694581bc60,1.82126315185e-09,4.19427358596e-13,-2.71544564612e-10,0,0,291.763555916,0.783298926457,0,31.345586,2.6322208000000002,0.204675504152,0.0624763893318,30c0f7346e5715619907c2a31e4e7a14da46e8bc1bcceec92273504901699b4f,e5b883e6d5d47dc85a5e1ea42c671d94a83cee99
glass,10000,6.25E-06,800,16,0,5.1739225,6db149f58b0984421694e8419d3f1bf6f25060a1,True,2026-09-05T03:50:07.1422979Z,C:\Users\henry\dev\banjo-integration\build\win-integration\Release\banjo_solver_probe.exe --material glass --case floor --step-mode compliant --voxel-size 0.04 --gap 0.001 --speed 1 --gravity 0 --normal-stiffness 100000000 --normal-damping 10000 --max-compression 0.005 --dt 6.25E-06 --steps 800 --trajectory C:\Users\henry\dev\banjo-integration\build\trajectory-matrix\glass-c10000-dt6.25E-06-trajectory.csv --sample-every 16,C:\Users\henry\dev\banjo-integration\build\trajectory-matrix\glass-c10000-dt6.25E-06.txt,C:\Users\henry\dev\banjo-integration\build\trajectory-matrix\glass-c10000-dt6.25E-06-trajectory.csv,balance-P=8.42652525866e-09 balance-L=4.33486501417e-12 balance-E=8.20968182325e-10 normal-loss=0 impact-loss=0 support-impulse-y=291.682162006 final-COM-vy=0.782801435655 contact-energy=0 compliance-loss=31.3586580566,65190052a50b53dd7f57f4c56afaf26766b93a199c468018d20c8c694581bc60,8.42652525866e-09,4.33486501417e-12,8.20968182325e-10,0,0,291.682162006,0.782801435655,0,31.3586580566,4.780176900000001,0.180075165715,0.137740193873,23c2df5f5c7b1eb2bcefdd42132499596498625c68b4a3f8a9343673200752dd,e5b883e6d5d47dc85a5e1ea42c671d94a83cee99
glass,10000,3.125E-06,1600,32,0,9.2284875,6db149f58b0984421694e8419d3f1bf6f25060a1,True,2026-09-05T03:50:12.3173195Z,C:\Users\henry\dev\banjo-integration\build\win-integration\Release\banjo_solver_probe.exe --material glass --case floor --step-mode compliant --voxel-size 0.04 --gap 0.001 --speed 1 --gravity 0 --normal-stiffness 100000000 --normal-damping 10000 --max-compression 0.005 --dt 3.125E-06 --steps 1600 --trajectory C:\Users\henry\dev\banjo-integration\build\trajectory-matrix\glass-c10000-dt3.125E-06-trajectory.csv --sample-every 32,C:\Users\henry\dev\banjo-integration\build\trajectory-matrix\glass-c10000-dt3.125E-06.txt,C:\Users\henry\dev\banjo-integration\build\trajectory-matrix\glass-c10000-dt3.125E-06-trajectory.csv,balance-P=5.07157102784e-10 balance-L=1.00214811029e-13 balance-E=3.80637743547e-11 normal-loss=0 impact-loss=0 support-impulse-y=291.664800151 final-COM-vy=0.782695317664 contact-energy=0 compliance-loss=31.3665693836,65190052a50b53dd7f57f4c56afaf26766b93a199c468018d20c8c694581bc60,5.07157102784e-10,1.00214811029e-13,3.80637743547e-11,0,0,291.664800151,0.782695317664,0,31.3665693836,8.776228300000001,0.107601352473,0.215892636624,cafc4d7d994cceb2e85ec3eebb0828c63f686f4b528d905a02758409a8c3e9f8,e5b883e6d5d47dc85a5e1ea42c671d94a83cee99
glass,10000,1.5625E-06,3200,64,0,16.4744689,6db149f58b0984421694e8419d3f1bf6f25060a1,True,2026-09-05T03:53:07.4564581Z,C:\Users\henry\dev\banjo-integration\build\win-integration\Release\banjo_solver_probe.exe --material glass --case floor --step-mode compliant --voxel-size 0.04 --gap 0.001 --speed 1 --gravity 0 --normal-stiffness 100000000 --normal-damping 10000 --max-compression 0.005 --dt 1.5625E-06 --steps 3200 --trajectory C:\Users\henry\dev\banjo-integration\build\trajectory-fine\glass-c10000-dt1.5625E-06-trajectory.csv --sample-every 64,C:\Users\henry\dev\banjo-integration\build\trajectory-fine\glass-c10000-dt1.5625E-06.txt,C:\Users\henry\dev\banjo-integration\build\trajectory-fine\glass-c10000-dt1.5625E-06-trajectory.csv,balance-P=6.96843505432e-10 balance-L=3.58413868711e-13 balance-E=6.19237994215e-11 normal-loss=0 impact-loss=0 support-impulse-y=291.661729362 final-COM-vy=0.78267654858 contact-energy=0 compliance-loss=31.3700882329,65190052a50b53dd7f57f4c56afaf26766b93a199c468018d20c8c694581bc60,6.96843505432e-10,3.58413868711e-13,6.19237994215e-11,0,0,291.661729362,0.78267654858,0,31.3700882329,15.899705299999999,0.114424320836,0.207954282325,c2d338fa535e30146941699d82da671ba24b721666d0443f16af85112a54e6cd,e5b883e6d5d47dc85a5e1ea42c671d94a83cee99
glass,10000,7.8125E-07,6400,128,0,31.7792878,6db149f58b0984421694e8419d3f1bf6f25060a1,True,2026-09-05T03:53:23.9322571Z,C:\Users\henry\dev\banjo-integration\build\win-integration\Release\banjo_solver_probe.exe --material glass --case floor --step-mode compliant --voxel-size 0.04 --gap 0.001 --speed 1 --gravity 0 --normal-stiffness 100000000 --normal-damping 10000 --max-compression 0.005 --dt 7.8125E-07 --steps 6400 --trajectory C:\Users\henry\dev\banjo-integration\build\trajectory-fine\glass-c10000-dt7.8125E-07-trajectory.csv --sample-every 128,C:\Users\henry\dev\banjo-integration\build\trajectory-fine\glass-c10000-dt7.8125E-07.txt,C:\Users\henry\dev\banjo-integration\build\trajectory-fine\glass-c10000-dt7.8125E-07-trajectory.csv,balance-P=9.95555670232e-10 balance-L=4.55295209408e-13 balance-E=2.176747671e-11 normal-loss=0 impact-loss=0 support-impulse-y=291.660944365 final-COM-vy=0.782671750565 contact-energy=0 compliance-loss=31.3707787685,65190052a50b53dd7f57f4c56afaf26766b93a199c468018d20c8c694581bc60,9.95555670232e-10,4.55295209408e-13,2.176747671e-11,0,0,291.660944365,0.782671750565,0,31.3707787685,30.9815481,0.134339919497,0.18796254552,777e112ca5d1d96b8ae2105b96a9212e9d0842889df10e91b00826a4aea3ef2f,e5b883e6d5d47dc85a5e1ea42c671d94a83cee99
iron,0,1.25E-05,400,8,0,2.8907822,6db149f58b0984421694e8419d3f1bf6f25060a1,True,2026-09-05T03:50:54.7052686Z,C:\Users\henry\dev\banjo-integration\build\win-integration\Release\banjo_solver_probe.exe --material iron --case floor --step-mode compliant --voxel-size 0.04 --gap 0.001 --speed 1 --gravity 0 --normal-stiffness 100000000 --normal-damping 0 --max-compression 0.005 --dt 1.25E-05 --steps 400 --trajectory C:\Users\henry\dev\banjo-integration\build\trajectory-matrix\iron-c0-dt1.25E-05-trajectory.csv --sample-every 8,C:\Users\henry\dev\banjo-integration\build\trajectory-matrix\iron-c0-dt1.25E-05.txt,C:\Users\henry\dev\banjo-integration\build\trajectory-matrix\iron-c0-dt1.25E-05-trajectory.csv,balance-P=2.09215614591e-08 balance-L=1.29781860123e-11 balance-E=4.14388523495e-10 normal-loss=0 impact-loss=0 support-impulse-y=1030.0744737 final-COM-vy=0.999986232605 contact-energy=0 compliance-loss=0,65190052a50b53dd7f57f4c56afaf26766b93a199c468018d20c8c694581bc60,2.09215614591e-08,1.29781860123e-11,4.14388523495e-10,0,0,1030.0744737,0.999986232605,0,0,2.554716,0.00436974036523,0.00272098111388,f4a1ee5cb2a4c4e9bbf79567882a2bff4cc51eff7d57260bd383644816e4e877,e5b883e6d5d47dc85a5e1ea42c671d94a83cee99
iron,0,6.25E-06,800,16,0,4.9473475,6db149f58b0984421694e8419d3f1bf6f25060a1,True,2026-09-05T03:50:57.5967190Z,C:\Users\henry\dev\banjo-integration\build\win-integration\Release\banjo_solver_probe.exe --material iron --case floor --step-mode compliant --voxel-size 0.04 --gap 0.001 --speed 1 --gravity 0 --normal-stiffness 100000000 --normal-damping 0 --max-compression 0.005 --dt 6.25E-06 --steps 800 --trajectory C:\Users\henry\dev\banjo-integration\build\trajectory-matrix\iron-c0-dt6.25E-06-trajectory.csv --sample-every 16,C:\Users\henry\dev\banjo-integration\build\trajectory-matrix\iron-c0-dt6.25E-06.txt,C:\Users\henry\dev\banjo-integration\build\trajectory-matrix\iron-c0-dt6.25E-06-trajectory.csv,balance-P=1.573994279e-08 balance-L=9.71345780923e-12 balance-E=-5.17275111633e-12 normal-loss=0 impact-loss=0 support-impulse-y=1030.06149939 final-COM-vy=0.99996104178 contact-energy=0 compliance-loss=0,65190052a50b53dd7f57f4c56afaf26766b93a199c468018d20c8c694581bc60,1.573994279e-08,9.71345780923e-12,-5.17275111633e-12,0,0,1030.06149939,0.99996104178,0,0,4.5712293,0.0049382302609,0.0151264510091,a2cec3d8d39feb5d379bd3bf2d5c1d34da4bfd050f49be95575464a4670b25c5,e5b883e6d5d47dc85a5e1ea42c671d94a83cee99
iron,0,3.125E-06,1600,32,0,9.480253,6db149f58b0984421694e8419d3f1bf6f25060a1,True,2026-09-05T03:51:02.5447720Z,C:\Users\henry\dev\banjo-integration\build\win-integration\Release\banjo_solver_probe.exe --material iron --case floor --step-mode compliant --voxel-size 0.04 --gap 0.001 --speed 1 --gravity 0 --normal-stiffness 100000000 --normal-damping 0 --max-compression 0.005 --dt 3.125E-06 --steps 1600 --trajectory C:\Users\henry\dev\banjo-integration\build\trajectory-matrix\iron-c0-dt3.125E-06-trajectory.csv --sample-every 32,C:\Users\henry\dev\banjo-integration\build\trajectory-matrix\iron-c0-dt3.125E-06.txt,C:\Users\henry\dev\banjo-integration\build\trajectory-matrix\iron-c0-dt3.125E-06-trajectory.csv,balance-P=7.19640750705e-10 balance-L=4.49015114149e-13 balance-E=-1.53477230924e-12 normal-loss=0 impact-loss=0 support-impulse-y=1030.0588813 final-COM-vy=0.999955958544 contact-energy=0 compliance-loss=0,65190052a50b53dd7f57f4c56afaf26766b93a199c468018d20c8c694581bc60,7.19640750705e-10,4.49015114149e-13,-1.53477230924e-12,0,0,1030.0588813,0.999955958544,0,0,9.0119349,0.00975181118935,0.0129308350591,5737735c2cf24a19bb95cfcc82fc803f16e02861076137fab52cd4130a54e59c,e5b883e6d5d47dc85a5e1ea42c671d94a83cee99
iron,0,1.5625E-06,3200,64,0,17.7024909,6db149f58b0984421694e8419d3f1bf6f25060a1,True,2026-09-05T03:55:32.0364557Z,C:\Users\henry\dev\banjo-integration\build\win-integration\Release\banjo_solver_probe.exe --material iron --case floor --step-mode compliant --voxel-size 0.04 --gap 0.001 --speed 1 --gravity 0 --normal-stiffness 100000000 --normal-damping 0 --max-compression 0.005 --dt 1.5625E-06 --steps 3200 --trajectory C:\Users\henry\dev\banjo-integration\build\trajectory-fine\iron-c0-dt1.5625E-06-trajectory.csv --sample-every 64,C:\Users\henry\dev\banjo-integration\build\trajectory-fine\iron-c0-dt1.5625E-06.txt,C:\Users\henry\dev\banjo-integration\build\trajectory-fine\iron-c0-dt1.5625E-06-trajectory.csv,balance-P=1.61458129008e-09 balance-L=1.03247346348e-12 balance-E=-3.97903932026e-13 normal-loss=0 impact-loss=0 support-impulse-y=1030.05861084 final-COM-vy=0.999955433413 contact-energy=0 compliance-loss=0,65190052a50b53dd7f57f4c56afaf26766b93a199c468018d20c8c694581bc60,1.61458129008e-09,1.03247346348e-12,-3.97903932026e-13,0,0,1030.05861084,0.999955433413,0,0,17.1170287,0.0119354945709,0.0110176036511,1ac2f1fe0d69b5c5e61e829525bdb68034bd4eea0d8b6cf96dbfc48cdeff904b,e5b883e6d5d47dc85a5e1ea42c671d94a83cee99
iron,0,7.8125E-07,6400,128,0,32.3495999,6db149f58b0984421694e8419d3f1bf6f25060a1,True,2026-09-05T03:55:49.7403189Z,C:\Users\henry\dev\banjo-integration\build\win-integration\Release\banjo_solver_probe.exe --material iron --case floor --step-mode compliant --voxel-size 0.04 --gap 0.001 --speed 1 --gravity 0 --normal-stiffness 100000000 --normal-damping 0 --max-compression 0.005 --dt 7.8125E-07 --steps 6400 --trajectory C:\Users\henry\dev\banjo-integration\build\trajectory-fine\iron-c0-dt7.8125E-07-trajectory.csv --sample-every 128,C:\Users\henry\dev\banjo-integration\build\trajectory-fine\iron-c0-dt7.8125E-07.txt,C:\Users\henry\dev\banjo-integration\build\trajectory-fine\iron-c0-dt7.8125E-07-trajectory.csv,balance-P=1.15073945358e-09 balance-L=6.79820300906e-13 balance-E=-7.23105131328e-10 normal-loss=0 impact-loss=0 support-impulse-y=1030.05858308 final-COM-vy=0.99995537952 contact-energy=0 compliance-loss=0,65190052a50b53dd7f57f4c56afaf26766b93a199c468018d20c8c694581bc60,1.15073945358e-09,6.79820300906e-13,-7.23105131328e-10,0,0,1030.05858308,0.99995537952,0,0,31.5193963,0.0128929208299,0.010087932704,2debc70d25ade83d39cdd0ffb42334f4f99631f766130c997d1dc181296a1c4f,e5b883e6d5d47dc85a5e1ea42c671d94a83cee99
iron,10000,1.25E-05,400,8,0,2.9329791,6db149f58b0984421694e8419d3f1bf6f25060a1,True,2026-09-05T03:51:12.0258599Z,C:\Users\henry\dev\banjo-integration\build\win-integration\Release\banjo_solver_probe.exe --material iron --case floor --step-mode compliant --voxel-size 0.04 --gap 0.001 --speed 1 --gravity 0 --normal-stiffness 100000000 --normal-damping 10000 --max-compression 0.005 --dt 1.25E-05 --steps 400 --trajectory C:\Users\henry\dev\banjo-integration\build\trajectory-matrix\iron-c10000-dt1.25E-05-trajectory.csv --sample-every 8,C:\Users\henry\dev\banjo-integration\build\trajectory-matrix\iron-c10000-dt1.25E-05.txt,C:\Users\henry\dev\banjo-integration\build\trajectory-matrix\iron-c10000-dt1.25E-05-trajectory.csv,balance-P=2.53834287599e-08 balance-L=1.21889731486e-11 balance-E=1.16000222761e-08 normal-loss=0 impact-loss=0 support-impulse-y=955.74790039 final-COM-vy=0.855674217177 contact-energy=0 compliance-loss=68.8236358122,65190052a50b53dd7f57f4c56afaf26766b93a199c468018d20c8c694581bc60,2.53834287599e-08,1.21889731486e-11,1.16000222761e-08,0,0,955.74790039,0.855674217177,0,68.8236358122,2.5955437999999997,0.0578009789335,0.0880951710679,09b8fb611d98ef68fa5be14195b00ec94898fe4bc03b771f632a35c64ce483da,e5b883e6d5d47dc85a5e1ea42c671d94a83cee99
iron,10000,6.25E-06,800,16,0,4.8897658,6db149f58b0984421694e8419d3f1bf6f25060a1,True,2026-09-05T03:51:14.9597569Z,C:\Users\henry\dev\banjo-integration\build\win-integration\Release\banjo_solver_probe.exe --material iron --case floor --step-mode compliant --voxel-size 0.04 --gap 0.001 --speed 1 --gravity 0 --normal-stiffness 100000000 --normal-damping 10000 --max-compression 0.005 --dt 6.25E-06 --steps 800 --trajectory C:\Users\henry\dev\banjo-integration\build\trajectory-matrix\iron-c10000-dt6.25E-06-trajectory.csv --sample-every 16,C:\Users\henry\dev\banjo-integration\build\trajectory-matrix\iron-c10000-dt6.25E-06.txt,C:\Users\henry\dev\banjo-integration\build\trajectory-matrix\iron-c10000-dt6.25E-06-trajectory.csv,balance-P=4.91457967963e-08 balance-L=2.966355825e-11 balance-E=3.63236551948e-09 normal-loss=0 impact-loss=0 support-impulse-y=955.727461305 final-COM-vy=0.85563453273 contact-energy=0 compliance-loss=68.8331269753,65190052a50b53dd7f57f4c56afaf26766b93a199c468018d20c8c694581bc60,4.91457967963e-08,2.966355825e-11,3.63236551948e-09,0,0,955.727461305,0.85563453273,0,68.8331269753,4.5218876,0.111775857964,0.0421179339513,1e491e29cff80cf013ab3fe156b83a820e806ca60a155abb412a3984f7c81f62,e5b883e6d5d47dc85a5e1ea42c671d94a83cee99
iron,10000,3.125E-06,1600,32,0,9.3308284,6db149f58b0984421694e8419d3f1bf6f25060a1,True,2026-09-05T03:51:19.8503967Z,C:\Users\henry\dev\banjo-integration\build\win-integration\Release\banjo_solver_probe.exe --material iron --case floor --step-mode compliant --voxel-size 0.04 --gap 0.001 --speed 1 --gravity 0 --normal-stiffness 100000000 --normal-damping 10000 --max-compression 0.005 --dt 3.125E-06 --steps 1600 --trajectory C:\Users\henry\dev\banjo-integration\build\trajectory-matrix\iron-c10000-dt3.125E-06-trajectory.csv --sample-every 32,C:\Users\henry\dev\banjo-integration\build\trajectory-matrix\iron-c10000-dt3.125E-06.txt,C:\Users\henry\dev\banjo-integration\build\trajectory-matrix\iron-c10000-dt3.125E-06-trajectory.csv,balance-P=2.95801854207e-09 balance-L=1.84643515537e-12 balance-E=8.21387402539e-11 normal-loss=0 impact-loss=0 support-impulse-y=955.715983233 final-COM-vy=0.855612247067 contact-energy=0 compliance-loss=68.8346600553,65190052a50b53dd7f57f4c56afaf26766b93a199c468018d20c8c694581bc60,2.95801854207e-09,1.84643515537e-12,8.21387402539e-11,0,0,955.715983233,0.855612247067,0,68.8346600553,8.882766,0.0909615894022,0.0712199858669,9457137fc45c80c4463ace7f1626862979a6388e70c3dddcd494ea1a32b29beb,e5b883e6d5d47dc85a5e1ea42c671d94a83cee99
iron,10000,1.5625E-06,3200,64,0,16.3396803,6db149f58b0984421694e8419d3f1bf6f25060a1,True,2026-09-05T03:56:22.0908399Z,C:\Users\henry\dev\banjo-integration\build\win-integration\Release\banjo_solver_probe.exe --material iron --case floor --step-mode compliant --voxel-size 0.04 --gap 0.001 --speed 1 --gravity 0 --normal-stiffness 100000000 --normal-damping 10000 --max-compression 0.005 --dt 1.5625E-06 --steps 3200 --trajectory C:\Users\henry\dev\banjo-integration\build\trajectory-fine\iron-c10000-dt1.5625E-06-trajectory.csv --sample-every 64,C:\Users\henry\dev\banjo-integration\build\trajectory-fine\iron-c10000-dt1.5625E-06.txt,C:\Users\henry\dev\banjo-integration\build\trajectory-fine\iron-c10000-dt1.5625E-06-trajectory.csv,balance-P=2.63833095237e-09 balance-L=1.60623720864e-12 balance-E=9.51132506088e-11 normal-loss=0 impact-loss=0 support-impulse-y=955.712232011 final-COM-vy=0.855604963718 contact-energy=0 compliance-loss=68.8351361373,65190052a50b53dd7f57f4c56afaf26766b93a199c468018d20c8c694581bc60,2.63833095237e-09,1.60623720864e-12,9.51132506088e-11,0,0,955.712232011,0.855604963718,0,68.8351361373,15.7886038,0.108882111623,0.0560329591215,26cb771757ec1328f6aa068f7ca7302117223d669f9bf4340df14b5fb4ddfb9b,e5b883e6d5d47dc85a5e1ea42c671d94a83cee99
iron,10000,7.8125E-07,6400,128,0,34.3614537,6db149f58b0984421694e8419d3f1bf6f25060a1,True,2026-09-05T03:56:38.4314004Z,C:\Users\henry\dev\banjo-integration\build\win-integration\Release\banjo_solver_probe.exe --material iron --case floor --step-mode compliant --voxel-size 0.04 --gap 0.001 --speed 1 --gravity 0 --normal-stiffness 100000000 --normal-damping 10000 --max-compression 0.005 --dt 7.8125E-07 --steps 6400 --trajectory C:\Users\henry\dev\banjo-integration\build\trajectory-fine\iron-c10000-dt7.8125E-07-trajectory.csv --sample-every 128,C:\Users\henry\dev\banjo-integration\build\trajectory-fine\iron-c10000-dt7.8125E-07.txt,C:\Users\henry\dev\banjo-integration\build\trajectory-fine\iron-c10000-dt7.8125E-07-trajectory.csv,balance-P=1.34457520758e-09 balance-L=6.93949467987e-13 balance-E=5.81223957852e-12 normal-loss=0 impact-loss=0 support-impulse-y=955.712469444 final-COM-vy=0.855605424717 contact-energy=0 compliance-loss=68.8353475294,65190052a50b53dd7f57f4c56afaf26766b93a199c468018d20c8c694581bc60,1.34457520758e-09,6.93949467987e-13,5.81223957852e-12,0,0,955.712469444,0.855605424717,0,68.8353475294,33.490786299999996,0.106214766839,0.058285762514,56550bdd8fc13e58e637b41052686b5f8ad6354480d4446a06b188aa3daf44f2,e5b883e6d5d47dc85a5e1ea42c671d94a83cee99
oak,0,1.25E-05,400,8,0,2.7538673,6db149f58b0984421694e8419d3f1bf6f25060a1,True,2026-09-05T03:50:21.5467118Z,C:\Users\henry\dev\banjo-integration\build\win-integration\Release\banjo_solver_probe.exe --material oak --case floor --step-mode compliant --voxel-size 0.04 --gap 0.001 --speed 1 --gravity 0 --normal-stiffness 100000000 --normal-damping 0 --max-compression 0.005 --dt 1.25E-05 --steps 400 --trajectory C:\Users\henry\dev\banjo-integration\build\trajectory-matrix\oak-c0-dt1.25E-05-trajectory.csv --sample-every 8,C:\Users\henry\dev\banjo-integration\build\trajectory-matrix\oak-c0-dt1.25E-05.txt,C:\Users\henry\dev\banjo-integration\build\trajectory-matrix\oak-c0-dt1.25E-05-trajectory.csv,balance-P=3.45426088433e-09 balance-L=2.56398463138e-12 balance-E=-1.26703270098e-09 normal-loss=0 impact-loss=0 support-impulse-y=91.3263017989 final-COM-vy=0.993567499725 contact-energy=0 compliance-loss=0,65190052a50b53dd7f57f4c56afaf26766b93a199c468018d20c8c694581bc60,3.45426088433e-09,2.56398463138e-12,-1.26703270098e-09,0,0,91.3263017989,0.993567499725,0,0,2.3988932,0.0573229698839,0.236405259536,01dd7274e67cd63a8d8b07ce62bccc951496922047da581ac4468280fd218d83,e5b883e6d5d47dc85a5e1ea42c671d94a83cee99
oak,0,6.25E-06,800,16,0,4.7374392,6db149f58b0984421694e8419d3f1bf6f25060a1,True,2026-09-05T03:50:24.3013658Z,C:\Users\henry\dev\banjo-integration\build\win-integration\Release\banjo_solver_probe.exe --material oak --case floor --step-mode compliant --voxel-size 0.04 --gap 0.001 --speed 1 --gravity 0 --normal-stiffness 100000000 --normal-damping 0 --max-compression 0.005 --dt 6.25E-06 --steps 800 --trajectory C:\Users\henry\dev\banjo-integration\build\trajectory-matrix\oak-c0-dt6.25E-06-trajectory.csv --sample-every 16,C:\Users\henry\dev\banjo-integration\build\trajectory-matrix\oak-c0-dt6.25E-06.txt,C:\Users\henry\dev\banjo-integration\build\trajectory-matrix\oak-c0-dt6.25E-06-trajectory.csv,balance-P=2.64188316581e-09 balance-L=1.45344911857e-12 balance-E=-4.46686243549e-10 normal-loss=0 impact-loss=0 support-impulse-y=91.3162772559 final-COM-vy=0.993348673373 contact-energy=0 compliance-loss=0,65190052a50b53dd7f57f4c56afaf26766b93a199c468018d20c8c694581bc60,2.64188316581e-09,1.45344911857e-12,-4.46686243549e-10,0,0,91.3162772559,0.993348673373,0,0,4.3487667000000005,0.224022792544,0.0796644001818,6d970d441b972802fa1a2036d0bc5d03431963ca130c5287137b6de910257e85,e5b883e6d5d47dc85a5e1ea42c671d94a83cee99
oak,0,3.125E-06,1600,32,0,9.1764406,6db149f58b0984421694e8419d3f1bf6f25060a1,True,2026-09-05T03:50:29.0396282Z,C:\Users\henry\dev\banjo-integration\build\win-integration\Release\banjo_solver_probe.exe --material oak --case floor --step-mode compliant --voxel-size 0.04 --gap 0.001 --speed 1 --gravity 0 --normal-stiffness 100000000 --normal-damping 0 --max-compression 0.005 --dt 3.125E-06 --steps 1600 --trajectory C:\Users\henry\dev\banjo-integration\build\trajectory-matrix\oak-c0-dt3.125E-06-trajectory.csv --sample-every 32,C:\Users\henry\dev\banjo-integration\build\trajectory-matrix\oak-c0-dt3.125E-06.txt,C:\Users\henry\dev\banjo-integration\build\trajectory-matrix\oak-c0-dt3.125E-06-trajectory.csv,balance-P=4.63629192451e-10 balance-L=2.24384372595e-13 balance-E=-4.27426982696e-11 normal-loss=0 impact-loss=0 support-impulse-y=91.3186577943 final-COM-vy=0.993400638341 contact-energy=0 compliance-loss=0,65190052a50b53dd7f57f4c56afaf26766b93a199c468018d20c8c694581bc60,4.63629192451e-10,2.24384372595e-13,-4.27426982696e-11,0,0,91.3186577943,0.993400638341,0,0,8.7182658,0.28524946305,0.0160729613844,f54e8c28f0ab5633e2366ab1e0f44f86e4d94493e0cedaf2eb432a9a4e7b8b8f,e5b883e6d5d47dc85a5e1ea42c671d94a83cee99
oak,0,1.5625E-06,3200,64,0,16.1348076,6db149f58b0984421694e8419d3f1bf6f25060a1,True,2026-09-05T03:53:55.7128560Z,C:\Users\henry\dev\banjo-integration\build\win-integration\Release\banjo_solver_probe.exe --material oak --case floor --step-mode compliant --voxel-size 0.04 --gap 0.001 --speed 1 --gravity 0 --normal-stiffness 100000000 --normal-damping 0 --max-compression 0.005 --dt 1.5625E-06 --steps 3200 --trajectory C:\Users\henry\dev\banjo-integration\build\trajectory-fine\oak-c0-dt1.5625E-06-trajectory.csv --sample-every 64,C:\Users\henry\dev\banjo-integration\build\trajectory-fine\oak-c0-dt1.5625E-06.txt,C:\Users\henry\dev\banjo-integration\build\trajectory-fine\oak-c0-dt1.5625E-06-trajectory.csv,balance-P=1.01630100446e-11 balance-L=1.65814780185e-14 balance-E=-5.57776047572e-13 normal-loss=0 impact-loss=0 support-impulse-y=91.318171509 final-COM-vy=0.993390023199 contact-energy=0 compliance-loss=0,65190052a50b53dd7f57f4c56afaf26766b93a199c468018d20c8c694581bc60,1.01630100446e-11,1.65814780185e-14,-5.57776047572e-13,0,0,91.318171509,0.993390023199,0,0,15.583155000000001,0.276583602339,0.0252218952425,e045a4cdba0cb464ba56d62176bb432881db50fed31ecbd4b6e551ba45ea7d3a,e5b883e6d5d47dc85a5e1ea42c671d94a83cee99
oak,0,7.8125E-07,6400,128,0,31.3046166,6db149f58b0984421694e8419d3f1bf6f25060a1,True,2026-09-05T03:54:11.8487553Z,C:\Users\henry\dev\banjo-integration\build\win-integration\Release\banjo_solver_probe.exe --material oak --case floor --step-mode compliant --voxel-size 0.04 --gap 0.001 --speed 1 --gravity 0 --normal-stiffness 100000000 --normal-damping 0 --max-compression 0.005 --dt 7.8125E-07 --steps 6400 --trajectory C:\Users\henry\dev\banjo-integration\build\trajectory-fine\oak-c0-dt7.8125E-07-trajectory.csv --sample-every 128,C:\Users\henry\dev\banjo-integration\build\trajectory-fine\oak-c0-dt7.8125E-07.txt,C:\Users\henry\dev\banjo-integration\build\trajectory-fine\oak-c0-dt7.8125E-07-trajectory.csv,balance-P=1.24649116244e-11 balance-L=3.69823126249e-14 balance-E=-1.33795197144e-11 normal-loss=0 impact-loss=0 support-impulse-y=91.3185646253 final-COM-vy=0.993398604559 contact-energy=0 compliance-loss=0,65190052a50b53dd7f57f4c56afaf26766b93a199c468018d20c8c694581bc60,1.24649116244e-11,3.69823126249e-14,-1.33795197144e-11,0,0,91.3185646253,0.993398604559,0,0,30.4686856,0.271163369557,0.03025160853,0b7cb88ff727594f10be7213f9b8ac727e081e092354efdd0620ec1b6039f67f,e5b883e6d5d47dc85a5e1ea42c671d94a83cee99
oak,10000,1.25E-05,400,8,0,2.7598643,6db149f58b0984421694e8419d3f1bf6f25060a1,True,2026-09-05T03:50:38.2168580Z,C:\Users\henry\dev\banjo-integration\build\win-integration\Release\banjo_solver_probe.exe --material oak --case floor --step-mode compliant --voxel-size 0.04 --gap 0.001 --speed 1 --gravity 0 --normal-stiffness 100000000 --normal-damping 10000 --max-compression 0.005 --dt 1.25E-05 --steps 400 --trajectory C:\Users\henry\dev\banjo-integration\build\trajectory-matrix\oak-c10000-dt1.25E-05-trajectory.csv --sample-every 8,C:\Users\henry\dev\banjo-integration\build\trajectory-matrix\oak-c10000-dt1.25E-05.txt,C:\Users\henry\dev\banjo-integration\build\trajectory-matrix\oak-c10000-dt1.25E-05-trajectory.csv,balance-P=4.96146413318e-09 balance-L=3.7649739538e-12 balance-E=-9.99646587729e-10 normal-loss=0 impact-loss=0 support-impulse-y=81.1963276355 final-COM-vy=0.77243966611 contact-energy=0 compliance-loss=8.7988661686,65190052a50b53dd7f57f4c56afaf26766b93a199c468018d20c8c694581bc60,4.96146413318e-09,3.7649739538e-12,-9.99646587729e-10,0,0,81.1963276355,0.77243966611,0,8.7988661686,2.4295066000000003,0.160215420144,0.279450123371,52e47f97dd3e1c96244526c224da0b9e18acdc6d03218b76189b9c2603a0e33b,e5b883e6d5d47dc85a5e1ea42c671d94a83cee99
oak,10000,6.25E-06,800,16,0,4.7587645,6db149f58b0984421694e8419d3f1bf6f25060a1,True,2026-09-05T03:50:40.9775039Z,C:\Users\henry\dev\banjo-integration\build\win-integration\Release\banjo_solver_probe.exe --material oak --case floor --step-mode compliant --voxel-size 0.04 --gap 0.001 --speed 1 --gravity 0 --normal-stiffness 100000000 --normal-damping 10000 --max-compression 0.005 --dt 6.25E-06 --steps 800 --trajectory C:\Users\henry\dev\banjo-integration\build\trajectory-matrix\oak-c10000-dt6.25E-06-trajectory.csv --sample-every 16,C:\Users\henry\dev\banjo-integration\build\trajectory-matrix\oak-c10000-dt6.25E-06.txt,C:\Users\henry\dev\banjo-integration\build\trajectory-matrix\oak-c10000-dt6.25E-06-trajectory.csv,balance-P=3.12415694135e-09 balance-L=1.77364252387e-12 balance-E=-2.42669884187e-10 normal-loss=0 impact-loss=0 support-impulse-y=81.117042532 final-COM-vy=0.770708946714 contact-energy=0 compliance-loss=8.82283485369,65190052a50b53dd7f57f4c56afaf26766b93a199c468018d20c8c694581bc60,3.12415694135e-09,1.77364252387e-12,-2.42669884187e-10,0,0,81.117042532,0.770708946714,0,8.82283485369,4.3823734000000005,0.341991547624,0.134879658877,25687a7962cc2750c3d6276aa11687f761e8e5c4b098ce35c0babc389aef9ad5,e5b883e6d5d47dc85a5e1ea42c671d94a83cee99
oak,10000,3.125E-06,1600,32,0,8.9662904,6db149f58b0984421694e8419d3f1bf6f25060a1,True,2026-09-05T03:50:45.7371010Z,C:\Users\henry\dev\banjo-integration\build\win-integration\Release\banjo_solver_probe.exe --material oak --case floor --step-mode compliant --voxel-size 0.04 --gap 0.001 --speed 1 --gravity 0 --normal-stiffness 100000000 --normal-damping 10000 --max-compression 0.005 --dt 3.125E-06 --steps 1600 --trajectory C:\Users\henry\dev\banjo-integration\build\trajectory-matrix\oak-c10000-dt3.125E-06-trajectory.csv --sample-every 32,C:\Users\henry\dev\banjo-integration\build\trajectory-matrix\oak-c10000-dt3.125E-06.txt,C:\Users\henry\dev\banjo-integration\build\trajectory-matrix\oak-c10000-dt3.125E-06-trajectory.csv,balance-P=6.21142291706e-10 balance-L=3.09772152498e-13 balance-E=5.01252372942e-11 normal-loss=0 impact-loss=0 support-impulse-y=81.0900716036 final-COM-vy=0.770120196701 contact-energy=0 compliance-loss=8.82875773188,65190052a50b53dd7f57f4c56afaf26766b93a199c468018d20c8c694581bc60,6.21142291706e-10,3.09772152498e-13,5.01252372942e-11,0,0,81.0900716036,0.770120196701,0,8.82875773188,8.5011115,0.134380795195,0.357346327776,10fa4739ef46bfe9b52171072b1fb6ee83fbcc9a25dc94e9454ef2ebf67d61b9,e5b883e6d5d47dc85a5e1ea42c671d94a83cee99
oak,10000,1.5625E-06,3200,64,0,16.027775,6db149f58b0984421694e8419d3f1bf6f25060a1,True,2026-09-05T03:54:43.1543990Z,C:\Users\henry\dev\banjo-integration\build\win-integration\Release\banjo_solver_probe.exe --material oak --case floor --step-mode compliant --voxel-size 0.04 --gap 0.001 --speed 1 --gravity 0 --normal-stiffness 100000000 --normal-damping 10000 --max-compression 0.005 --dt 1.5625E-06 --steps 3200 --trajectory C:\Users\henry\dev\banjo-integration\build\trajectory-fine\oak-c10000-dt1.5625E-06-trajectory.csv --sample-every 64,C:\Users\henry\dev\banjo-integration\build\trajectory-fine\oak-c10000-dt1.5625E-06.txt,C:\Users\henry\dev\banjo-integration\build\trajectory-fine\oak-c10000-dt1.5625E-06-trajectory.csv,balance-P=2.26379005825e-10 balance-L=1.09016010876e-13 balance-E=-2.56576981883e-11 normal-loss=0 impact-loss=0 support-impulse-y=81.0810840564 final-COM-vy=0.769924006985 contact-energy=0 compliance-loss=8.83060686514,65190052a50b53dd7f57f4c56afaf26766b93a199c468018d20c8c694581bc60,2.26379005825e-10,1.09016010876e-13,-2.56576981883e-11,0,0,81.0810840564,0.769924006985,0,8.83060686514,15.4733503,0.127907118804,0.368891480493,97dcb68d9069b6bf6dbce95d26164f806e4c30375fd098a1644380ce826e88a4,e5b883e6d5d47dc85a5e1ea42c671d94a83cee99
oak,10000,7.8125E-07,6400,128,0,32.8516209,6db149f58b0984421694e8419d3f1bf6f25060a1,True,2026-09-05T03:54:59.1834309Z,C:\Users\henry\dev\banjo-integration\build\win-integration\Release\banjo_solver_probe.exe --material oak --case floor --step-mode compliant --voxel-size 0.04 --gap 0.001 --speed 1 --gravity 0 --normal-stiffness 100000000 --normal-damping 10000 --max-compression 0.005 --dt 7.8125E-07 --steps 6400 --trajectory C:\Users\henry\dev\banjo-integration\build\trajectory-fine\oak-c10000-dt7.8125E-07-trajectory.csv --sample-every 128,C:\Users\henry\dev\banjo-integration\build\trajectory-fine\oak-c10000-dt7.8125E-07.txt,C:\Users\henry\dev\banjo-integration\build\trajectory-fine\oak-c10000-dt7.8125E-07-trajectory.csv,balance-P=3.63300565245e-10 balance-L=1.43657478576e-13 balance-E=-3.30580007812e-11 normal-loss=0 impact-loss=0 support-impulse-y=81.079600137 final-COM-vy=0.769891614413 contact-energy=0 compliance-loss=8.8301935128,65190052a50b53dd7f57f4c56afaf26766b93a199c468018d20c8c694581bc60,3.63300565245e-10,1.43657478576e-13,-3.30580007812e-11,0,0,81.079600137,0.769891614413,0,8.8301935128,31.9591033,0.119517208986,0.378837223914,a8a44caee7394389a876e58f61bebabde1ec724108d653b6bb065c7778be9d9b,e5b883e6d5d47dc85a5e1ea42c671d94a83cee99
